Date,AZN,DHR,GILD,ISRG,JNJ,LLY,MRK,PFE,REGN,TMO
2008-01-04,10.667048454284668,26.595272064208984,17.215482711791992,33.88888931274414,41.46931076049805,31.22199058532715,30.860544204711914,11.43432331085205,22.489999771118164,53.34423828125
2008-01-11,11.627466201782227,25.01663589477539,18.25815773010254,29.132221221923828,42.75419616699219,34.24172592163086,32.86904525756836,12.0303316116333,24.290000915527344,52.43832015991211
2008-01-18,11.704300880432129,24.156686782836914,17.316749572753906,29.11888885498047,41.752742767333984,32.37323760986328,28.94431495666504,11.269049644470215,24.600000381469727,49.606143951416016
2008-01-25,10.987190246582031,23.529003143310547,16.154050827026367,29.88888931274414,39.340415954589844,30.583099365234375,25.942392349243164,11.324145317077637,21.899999618530273,49.215171813964844
2008-02-01,10.564602851867676,23.827152252197266,17.226736068725586,33.956668853759766,39.907283782958984,31.13761329650879,24.959848403930664,11.814972877502441,21.479999542236328,49.94944381713867
2008-02-08,10.051762580871582,22.995460510253906,16.701648712158203,33.40888977050781,39.069580078125,30.275705337524414,24.17273712158203,11.326744079589844,19.56999969482422,52.8483772277832
2008-02-15,10.263601303100586,23.569795608520508,16.735401153564453,33.6966667175293,39.6175422668457,30.916114807128906,25.80124855041504,11.3419828414917,18.899999618530273,54.56485366821289
2008-02-22,10.517807006835938,23.425432205200195,16.097789764404297,32.39666748046875,40.0578727722168,30.727527618408203,25.008705139160156,11.428324699401855,17.989999771118164,53.56356430053711
2008-02-29,9.964376449584961,23.271644592285156,17.748077392578125,31.324443817138672,39.28435134887695,30.4294376373291,24.04787254333496,11.316580772399902,19.770000457763672,53.334720611572266
2008-03-07,9.914068222045898,22.618852615356445,18.265670776367188,29.416667938232422,38.99904251098633,30.234773635864258,22.862159729003906,10.844213485717773,17.299999237060547,51.08421325683594
2008-03-14,9.572477340698242,22.73497772216797,17.8343448638916,31.45222282409668,39.72183609008789,29.084999084472656,22.435028076171875,10.483586311340332,16.790000915527344,50.826751708984375
2008-03-21,9.964376449584961,23.97466278076172,18.164403915405273,33.40999984741211,41.45273208618164,30.3199405670166,23.743785858154297,10.4581880569458,17.649999618530273,51.751739501953125
2008-03-28,9.675749778747559,23.586286544799805,18.606977462768555,35.856666564941406,40.69189453125,30.593687057495117,24.373531341552734,10.412476539611816,19.6200008392334,53.8210334777832
2008-04-04,11.14538288116455,24.75430679321289,19.6346492767334,37.60444259643555,41.67462921142578,31.804304122924805,21.903860092163086,10.844213485717773,20.18000030517578,55.26097869873047
2008-04-11,10.42248249053955,23.661640167236328,18.993295669555664,37.06444549560547,41.8458366394043,31.591386795043945,22.528127670288086,10.387077331542969,18.59000015258789,51.932926177978516
2008-04-18,11.042109489440918,23.60198211669922,19.413362503051758,32.05555725097656,42.16917419433594,31.676549911499023,21.772441864013672,10.39724349975586,19.799999237060547,54.08804702758789
2008-04-25,11.089776039123535,24.352407455444336,19.27834701538086,31.086666107177734,42.67639923095703,30.02793312072754,22.298133850097656,10.37692642211914,20.90999984741211,53.37285232543945
2008-05-02,11.079179763793945,24.49056053161621,20.1147403717041,32.225555419921875,43.27873229980469,30.04009437561035,21.558883666992188,10.468345642089844,21.020000457763672,55.92851257324219
2008-05-09,10.737589836120605,24.198564529418945,20.118492126464844,32.122222900390625,42.19454574584961,29.352672576904297,21.350793838500977,10.211878776550293,20.450000762939453,53.64939880371094
2008-05-16,11.534635543823242,25.1404972076416,19.912202835083008,33.30555725097656,42.27696228027344,30.068342208862305,21.903860092163086,10.335722923278809,20.229999542236328,55.25145721435547
2008-05-23,11.455193519592285,23.812358856201172,19.87094497680664,31.641111373901367,41.45116424560547,29.22065544128418,21.21388816833496,10.077716827392578,18.90999984741211,55.22283172607422
2008-05-30,11.569056510925293,24.547075271606445,20.74860191345215,32.62111282348633,42.61322784423828,29.570785522460938,21.33436393737793,9.989994049072266,19.899999618530273,56.28133010864258
2008-06-06,11.14538288116455,24.86419677734375,20.538562774658203,31.212221145629883,41.98749923706055,29.742773056030273,20.7348575592041,9.267578125,14.819999694824219,55.23236083984375
2008-06-13,10.86469841003418,25.680543899536133,20.306018829345703,31.22222137451172,42.31312942504883,29.687501907348633,19.650827407836914,9.283055305480957,14.220000267028809,55.985721588134766
2008-06-20,10.869990348815918,25.143634796142578,20.523563385009766,31.389999389648438,40.902069091796875,28.827518463134766,19.429584503173828,8.942489624023438,14.680000305175781,54.87953567504883
2008-06-27,11.055349349975586,24.14604377746582,19.825937271118164,29.954444885253906,40.58920669555664,28.016681671142578,20.45278549194336,8.916687965393066,14.760000228881836,52.75300979614258
2008-07-04,12.127784729003906,23.96070671081543,19.16206932067871,27.815555572509766,41.57887649536133,28.858238220214844,21.265796661376953,9.159212112426758,14.430000305175781,54.126190185546875
2008-07-11,12.148966789245605,23.580638885498047,20.140993118286133,29.997777938842773,42.3067512512207,29.282073974609375,20.325572967529297,9.190176963806152,15.079999923706055,54.49808883666992
2008-07-18,11.979496955871582,25.873676300048828,18.57697105407715,32.054443359375,43.30278778076172,29.429502487182617,20.839935302734375,9.453337669372559,17.010000228881836,53.34423828125
2008-07-25,12.360807418823242,25.487308502197266,20.444793701171875,35.78555679321289,44.075374603271484,29.368078231811523,18.07455062866211,9.747467994689941,19.0,56.07154083251953
2008-08-01,12.599126815795898,25.32710838317871,20.13724136352539,33.38111114501953,43.48158264160156,28.89508819580078,18.39533805847168,9.59782600402832,21.68000030517578,57.406578063964844
2008-08-08,13.216289520263672,26.216060638427734,21.29244041442871,34.2511100769043,45.68439483642578,29.798070907592773,19.883113861083984,10.406634330749512,21.6200008392334,58.16944885253906
2008-08-15,13.023504257202148,26.35740852355957,21.101158142089844,33.241111755371094,45.54391860961914,30.252626419067383,19.99925994873047,10.474823951721191,22.639999389648438,59.79056930541992
2008-08-22,13.101152420043945,25.867389678955078,20.369787216186523,33.70222091674805,45.89756774902344,29.78748321533203,19.507020950317383,10.359424591064453,21.540000915527344,58.436458587646484
2008-08-29,13.039568901062012,25.62238311767578,19.758424758911133,32.807777404785156,45.26137161254883,28.931625366210938,19.728252410888672,10.023728370666504,21.719999313354492,57.7498664855957
2008-09-05,12.399641036987305,24.42245864868164,17.946857452392578,29.873332977294922,45.41561508178711,28.181198120117188,19.179790496826172,9.709014892578125,19.06999969482422,53.76382064819336
2008-09-12,12.263084411621094,24.15860366821289,18.048120498657227,30.90999984741211,45.36418914794922,28.900609970092773,18.91138458251953,9.766708374023438,20.709999084472656,55.80452346801758
2008-09-19,12.102429389953613,24.457019805908203,17.425521850585938,32.301109313964844,44.97860336303711,28.95643424987793,17.80421257019043,9.729995727539062,23.06999969482422,54.33599090576172
2008-09-26,12.367506980895996,22.306488037109375,18.2431640625,30.55666732788086,44.59944152832031,29.037057876586914,17.96078109741211,9.787693977355957,22.709999084472656,53.99268341064453
2008-10-03,11.853425025939941,19.682392120361328,17.15922737121582,25.077777862548828,42.51729202270508,25.619842529296875,17.770668029785156,9.966032981872559,20.959999084472656,48.22341537475586
2008-10-10,9.772982597351074,17.551673889160156,14.053685188293457,19.445556640625,35.891632080078125,19.448999404907227,14.667231559753418,7.941351890563965,17.139999389648438,39.107032775878906
2008-10-17,10.667276382446289,17.724519729614258,16.139041900634766,21.01444435119629,40.261600494384766,19.96994972229004,15.93657112121582,8.869770050048828,18.75,41.33845138549805
2008-10-24,9.775657653808594,17.051992416381836,16.247812271118164,17.63111114501953,39.0662841796875,19.678468704223633,15.293503761291504,8.691428184509277,16.149999618530273,35.70267868041992
2008-10-31,11.36878776550293,18.617023468017578,17.19672966003418,19.198888778686523,39.41973114013672,20.974651336669922,17.306547164916992,9.289390563964844,19.299999237060547,38.716068267822266
2008-11-07,11.419665336608887,17.950786590576172,16.89293098449707,20.274444580078125,38.69998550415039,21.21031951904297,16.171411514282227,8.999979972839355,18.350000381469727,35.97922897338867
2008-11-14,11.299175262451172,16.945140838623047,17.598052978515625,16.489999771118164,38.59073257446289,20.162086486816406,15.282320976257324,8.690370559692383,17.170000076293945,32.46046829223633
2008-11-21,9.130375862121582,16.637161254882812,15.55019474029541,13.140000343322754,37.80986785888672,19.137001037597656,13.643932342529297,8.364750862121582,13.949999809265137,28.350454330444336
2008-11-28,10.102319717407227,17.485668182373047,16.79916000366211,14.725556373596191,37.95891189575195,21.476457595825195,14.9412260055542,8.770439147949219,15.460000038146973,34.02436065673828
2008-12-05,10.402201652526855,15.816935539245605,17.774330139160156,15.273332595825195,37.73213195800781,21.97327423095703,15.026640892028809,8.834497451782227,15.229999542236328,32.39371871948242
2008-12-12,10.450397491455078,15.948921203613281,16.889175415039062,14.931111335754395,37.09709167480469,22.897733688354492,15.33862590789795,9.032008171081543,16.829999923706055,29.04657745361328
2008-12-19,10.833283424377441,17.303394317626953,18.621978759765625,13.945555686950684,38.12738800048828,24.06117820739746,16.200857162475586,9.234851837158203,18.90999984741211,31.020526885986328
2008-12-26,10.541434288024902,17.216684341430664,18.75700569152832,13.533332824707031,37.945953369140625,23.885086059570312,16.450450897216797,9.128095626831055,18.229999542236328,31.297069549560547
2009-01-02,10.868088722229004,18.175777435302734,19.570898056030273,14.7122220993042,39.30023956298828,25.513906478881836,17.5849609375,9.752645492553711,18.700000762939453,33.719207763671875
2009-01-09,11.109068870544434,17.17579460144043,17.916852951049805,11.311111450195312,38.263458251953125,24.19953155517578,16.297290802001953,9.309587478637695,17.479999542236328,32.23159408569336
2009-01-16,10.723505020141602,16.95881462097168,18.10814094543457,11.10777759552002,37.220211029052734,23.97941780090332,15.990974426269531,9.3416166305542,17.360000610351562,37.09493637084961
2009-01-23,10.627114295959473,16.147512435913086,18.09688949584961,10.365555763244629,36.26768112182617,23.532920837402344,15.996649742126465,9.314925193786621,15.569999694824219,33.08030700683594
2009-01-30,10.316520690917969,17.587736129760742,19.042051315307617,11.470000267028809,37.382198333740234,23.155569076538086,16.195188522338867,7.782898902893066,17.479999542236328,34.26275634765625
2009-02-06,10.636138916015625,18.408483505249023,19.672157287597656,12.735555648803711,37.913551330566406,24.0108642578125,17.454496383666992,8.092046737670898,19.920000076293945,38.14391326904297
2009-02-13,10.288461685180664,17.729246139526367,18.847013473510742,12.45444393157959,36.99988555908203,22.580963134765625,16.308637619018555,7.950275897979736,18.969999313354492,38.067604064941406
2009-02-20,9.837870597839355,16.490270614624023,18.75325584411621,11.778888702392578,35.70601272583008,21.185178756713867,15.939920425415039,7.475871562957764,18.149999618530273,35.29264831542969
2009-02-27,8.786498069763184,15.961981773376465,16.802907943725586,10.106666564941406,32.66788101196289,18.725055694580078,13.727622032165527,6.712475299835205,14.25,34.57744216918945
2009-03-06,8.525040626525879,15.506011962890625,16.506614685058594,10.654443740844727,31.34157371520996,17.83277702331543,13.115646362304688,6.941495418548584,12.670000076293945,32.57489776611328
2009-03-13,9.17867660522461,17.01542091369629,17.03920555114746,11.44777774810791,33.086029052734375,19.52810287475586,15.61304759979248,7.928460597991943,14.029999732971191,33.08030700683594
2009-03-20,9.148080825805664,16.85504722595215,16.619131088256836,10.408888816833496,33.758995056152344,20.745420455932617,15.411171913146973,7.432250022888184,13.449999809265137,31.764326095581055
2009-03-27,9.0062255859375,17.444353103637695,16.64163589477539,10.713333129882812,34.516902923583984,21.51023292541504,15.66495132446289,7.655817985534668,14.380000114440918,34.90165710449219
2009-04-03,9.718271255493164,16.9409122467041,17.620555877685547,10.747777938842773,34.072601318359375,21.038599014282227,15.261216163635254,7.388631820678711,13.020000457763672,33.881309509277344
2009-04-10,9.429004669189453,17.80306053161621,17.864351272583008,12.471111297607422,33.589134216308594,20.80278205871582,15.168932914733887,7.388631820678711,13.9399995803833,35.4166145324707
2009-04-17,9.759989738464355,17.35625457763672,16.76165008544922,14.483332633972168,34.66062545776367,21.51023292541504,14.840178489685059,7.721251964569092,13.149999618530273,35.922019958496094
2009-04-24,9.707145690917969,19.01447105407715,17.177974700927734,16.69333267211914,33.26897048950195,21.038599014282227,13.525147438049316,7.181419372558594,12.9399995803833,31.611757278442383
2009-05-01,9.782241821289062,18.62430191040039,16.806659698486328,15.866666793823242,34.3600959777832,21.344524383544922,14.015398025512695,7.404985427856445,13.850000381469727,34.85398864746094
2009-05-08,10.052041053771973,19.313386917114258,16.506614685058594,17.641111373901367,35.92160415649414,22.912382125854492,14.31532096862793,7.941097259521484,15.84000015258789,34.98748779296875
2009-05-15,10.752957344055176,18.19951820373535,16.40909767150879,16.657777786254883,36.202552795410156,22.079267501831055,14.690217971801758,8.277495384216309,14.609999656677246,33.50941467285156
2009-05-22,11.528972625732422,18.63374137878418,15.87650203704834,15.800000190734863,36.101016998291016,22.189123153686523,15.093955039978027,8.249917984008789,13.989999771118164,34.57744216918945
2009-05-29,11.604070663452148,18.989301681518555,16.165302276611328,16.63111114501953,36.35807418823242,22.33773422241211,15.90718936920166,8.37675666809082,15.270000457763672,37.10447692871094
2009-06-05,11.267520904541016,20.030797958374023,16.72040367126465,17.334444046020508,36.86561965942383,22.466978073120117,15.24626636505127,8.00175666809082,16.360000610351562,38.13437271118164
2009-06-12,12.054662704467773,19.750761032104492,16.85542106628418,18.501110076904297,36.951316833496094,22.156814575195312,15.252113342285156,8.13962173461914,16.360000610351562,39.8508415222168
2009-06-19,12.427373886108398,19.256752014160156,17.635555267333984,17.905555725097656,36.97108840942383,21.78204345703125,15.152691841125488,8.271978378295898,18.209999084472656,39.4503288269043
2009-06-26,12.463532447814941,19.758853912353516,17.823091506958008,17.746667861938477,37.3072509765625,22.796506881713867,15.79014778137207,8.37675666809082,18.139999389648438,39.96527862548828
2009-07-03,12.018501281738281,18.770278930664062,17.215482711791992,17.634443283081055,36.89856719970703,21.904808044433594,15.795994758605957,7.985214710235596,17.049999237060547,37.1903076171875
2009-07-10,11.962873458862305,18.389333724975586,16.667890548706055,15.844444274902344,37.52476119995117,21.530029296875,15.468501091003418,7.830804824829102,16.290000915527344,36.599082946777344
2009-07-17,12.516374588012695,19.30234718322754,17.939363479614258,17.282222747802734,39.04077911376953,21.665729522705078,16.187822341918945,8.249917984008789,17.6200008392334,38.983062744140625
2009-07-24,13.222856521606445,19.70532989501953,18.164403915405273,24.725555419921875,40.54362487792969,22.40882110595703,18.12358283996582,9.088146209716797,20.75,42.3301887512207
2009-07-31,12.916899681091309,19.280315399169922,18.351926803588867,25.25777816772461,40.134944915771484,22.54450798034668,17.550453186035156,8.784839630126953,21.479999542236328,43.17888641357422
2009-08-07,13.09692096710205,19.425134658813477,17.162975311279297,25.566667556762695,39.48239517211914,22.54450798034668,17.603090286254883,8.88989543914795,21.860000610351562,43.112144470214844
2009-08-14,12.950456619262695,18.92140769958496,16.859172821044922,24.866666793823242,39.60104751586914,21.559486389160156,18.11772918701172,8.784061431884766,22.110000610351562,42.9786491394043
2009-08-21,13.04058837890625,19.488100051879883,17.2867488861084,25.63777732849121,40.5532341003418,21.933231353759766,19.041744232177734,9.268662452697754,22.219999313354492,43.55079650878906
2009-08-28,13.04058837890625,19.390501022338867,16.971694946289062,24.988889694213867,40.06153869628906,22.031583786010742,18.901391983032227,9.36335563659668,22.329999923706055,43.34100341796875
2009-09-04,12.79836654663086,20.703346252441406,17.3017520904541,25.267778396606445,40.081478118896484,21.638172149658203,18.17119026184082,9.129408836364746,22.25,42.62579345703125
2009-09-11,12.708237648010254,21.232261657714844,17.29049301147461,26.711111068725586,40.14791488647461,21.520145416259766,19.260272979736328,9.051426887512207,21.8799991607666,44.952579498291016
2009-09-18,12.730769157409668,21.455801010131836,17.162975311279297,27.546667098999023,40.38711166381836,21.546375274658203,18.869626998901367,9.196249008178711,21.280000686645508,42.78792190551758
2009-09-25,12.367438316345215,20.823854446411133,17.3280029296875,28.61111068725586,40.28082275390625,21.4283447265625,18.496732711791992,9.134980201721191,20.299999237060547,41.958282470703125
2009-10-02,12.291387557983398,20.392318725585938,16.69414520263672,28.01555633544922,39.689422607421875,21.316865921020508,18.733482360839844,8.99573040008545,18.6200008392334,42.14900588989258
2009-10-09,12.420950889587402,21.3687801361084,16.990446090698242,28.221111297607422,41.02503967285156,22.14961814880371,19.27210807800293,9.424625396728516,18.40999984741211,43.38868713378906
2009-10-16,12.665987968444824,21.812915802001953,17.316749572753906,28.38111114501953,40.17449188232422,22.58237648010254,19.656848907470703,9.898082733154297,18.81999969482422,45.200523376464844
2009-10-23,12.725137710571289,22.049158096313477,16.439096450805664,29.217777252197266,40.2276611328125,22.26764488220215,19.195165634155273,9.608438491821289,17.59000015258789,45.44847106933594
2009-10-30,12.649090766906738,21.49163246154785,15.959016799926758,27.372222900390625,39.237571716308594,22.300430297851562,18.307323455810547,9.485897064208984,15.699999809265137,42.91189193725586
2009-11-06,12.668806076049805,22.666528701782227,17.350505828857422,28.44444465637207,40.06817626953125,22.621715545654297,19.289871215820312,9.537252426147461,15.710000038146973,42.79745101928711
2009-11-13,12.939196586608887,22.86498260498047,17.646814346313477,30.502222061157227,40.81903839111328,23.51180076599121,19.59173011779785,9.891524314880371,18.56999969482422,42.53044891357422
2009-11-20,12.62374210357666,22.57833480834961,17.39926528930664,30.71555519104004,41.731327056884766,24.329662322998047,21.580501556396484,10.32452392578125,18.459999084472656,44.39950180053711
2009-11-27,12.75611686706543,22.417694091796875,17.463024139404297,31.123332977294922,42.11977005004883,24.535795211791992,21.479887008666992,10.262667655944824,18.09000015258789,45.27680969238281
2009-12-04,13.04058837890625,22.8145809173584,17.474281311035156,32.44444274902344,43.10428237915039,24.861610412597656,21.722562789916992,10.397629737854004,19.31999969482422,46.135047912597656
2009-12-11,12.865965843200684,22.704334259033203,17.410520553588867,32.47666549682617,43.43246841430664,23.252487182617188,22.165937423706055,10.29078483581543,18.959999084472656,45.9633903503418
2009-12-18,12.826530456542969,23.674497604370117,16.064037322998047,32.130001068115234,43.11098098754883,23.751178741455078,22.363264083862305,10.29078483581543,21.40999984741211,46.06830978393555
2009-12-25,13.063124656677246,23.970582962036133,16.12779998779297,33.985557556152344,43.332000732421875,23.990558624267578,22.118106842041016,10.459487915039062,23.200000762939453,46.5260124206543
2010-01-01,13.220848083496094,23.701204299926758,16.229063034057617,33.71444320678711,43.13778305053711,23.744537353515625,21.84902572631836,10.228927612304688,24.18000030517578,45.47706604003906
2010-01-08,13.175783157348633,24.23070526123047,16.705398559570312,34.328887939453125,43.00383377075195,23.272436141967773,22.542646408081055,10.504472732543945,24.3700008392334,46.649993896484375
2010-01-15,13.758804321289062,24.019527435302734,17.07295799255371,34.28666687011719,43.238243103027344,23.817678451538086,23.601015090942383,10.959965705871582,23.8799991607666,45.53427505493164
2010-01-22,13.755990028381348,23.1496524810791,17.28299331665039,37.81666564941406,42.32740020751953,23.618200302124023,23.242244720458984,10.661928176879883,25.969999313354492,44.85722351074219
2010-01-29,13.094101905822754,22.487777709960938,18.104387283325195,36.45111083984375,42.09967803955078,23.405420303344727,22.829666137695312,10.493229866027832,26.65999984741211,44.00852966308594
2010-02-05,12.584339141845703,22.38060760498047,17.39551544189453,36.15666580200195,41.95233154296875,22.95326805114746,21.962636947631836,10.194968223571777,25.729999542236328,44.8190803527832
2010-02-12,12.844503402709961,22.670581817626953,17.631803512573242,36.86888885498047,42.005916595458984,22.892942428588867,22.076248168945312,10.104147911071777,29.270000457763672,45.0670280456543
2010-02-19,12.759729385375977,23.937578201293945,18.318178176879883,38.502220153808594,43.06291198730469,23.08849334716797,22.417078018188477,10.21199893951416,26.290000915527344,46.93608474731445
2010-02-26,12.89711856842041,23.313533782958984,17.856847763061523,38.571109771728516,42.516300201416016,23.155920028686523,22.052326202392578,9.962234497070312,24.459999084472656,46.5069580078125
2010-03-05,13.288829803466797,24.252758026123047,17.856847763061523,39.82222366333008,43.2181396484375,23.661657333374023,22.417078018188477,9.92249870300293,25.510000228881836,47.19354248046875
2010-03-12,12.964353561401367,24.621519088745117,17.78558349609375,39.877777099609375,43.3126220703125,24.228076934814453,22.452415466308594,9.695439338684082,24.690000534057617,47.83245849609375
2010-03-19,12.89419937133789,24.2622127532959,17.954360961914062,38.79777908325195,43.94023895263672,24.389921188354492,22.9962100982666,9.598939895629883,23.770000457763672,47.56544876098633
2010-03-26,13.040355682373047,24.162809371948242,17.00544548034668,38.0,43.447608947753906,23.884170532226562,22.615554809570312,9.729498863220215,26.229999542236328,47.68941116333008
2010-04-02,13.139747619628906,25.427396774291992,17.117969512939453,38.844444274902344,44.38566207885742,24.37643051147461,22.78473663330078,9.695439338684082,26.579999923706055,49.367740631103516
2010-04-09,13.192362785339355,25.329639434814453,17.177974700927734,38.95777893066406,43.96049118041992,24.841705322265625,22.337617874145508,9.791939735412598,25.780000686645508,49.85407257080078
2010-04-16,13.25082778930664,25.17510414123535,17.140472412109375,40.043331146240234,43.8795051574707,24.63941192626953,21.57632064819336,9.53649616241455,26.399999618530273,50.788597106933594
2010-04-23,13.192362785339355,26.934814453125,15.628958702087402,40.5533332824707,43.89301300048828,23.911149978637695,21.425260543823242,9.598939895629883,24.770000457763672,51.208187103271484
2010-04-30,12.929275512695312,26.57845687866211,14.893832206726074,40.06222152709961,43.39360809326172,23.58074378967285,21.171499252319336,9.491090774536133,25.530000686645508,52.714866638183594
2010-05-07,12.05231761932373,25.168806076049805,14.391243934631348,36.03555679321289,42.725486755371094,23.344730377197266,20.234968185424805,9.441963195800781,23.579999923706055,49.024452209472656
2010-05-14,12.292017936706543,26.814985275268555,14.169960021972656,37.79111099243164,43.17091369628906,23.19486427307129,19.866413116455078,9.292819023132324,27.3700008392334,50.07340621948242
2010-05-21,12.15170669555664,25.197195053100586,13.716126441955566,35.67555618286133,41.085575103759766,22.647817611694336,19.358869552612305,8.833917617797852,27.139999389648438,48.49997329711914
2010-05-28,12.350481986999512,25.033199310302734,13.472336769104004,35.86333465576172,39.703800201416016,22.422161102294922,20.35581398010254,8.736396789550781,28.56999969482422,49.64429473876953
2010-06-04,12.414795875549316,24.52861976623535,13.018503189086914,36.07444381713867,39.506309509277344,22.13495445251465,20.0416259765625,8.466790199279785,28.190000534057617,47.23167419433594
2010-06-11,13.160209655761719,24.809297561645508,12.950996398925781,37.456668853759766,39.81277084350586,23.023906707763672,21.296295166015625,8.86833667755127,26.420000076293945,49.53939437866211
2010-06-18,13.29759693145752,25.676538467407227,13.509843826293945,38.877777099609375,40.30310821533203,23.666688919067383,21.79112434387207,8.72492790222168,26.110000610351562,51.170040130615234
2010-06-25,13.122203826904297,24.675111770629883,13.633614540100098,37.491111755371094,39.97621154785156,23.208539962768555,21.949960708618164,8.397954940795898,24.530000686645508,48.53812026977539
2010-07-02,13.753616333007812,22.876550674438477,13.078516006469727,34.43333435058594,40.235015869140625,23.023906707763672,20.905305862426758,8.111141204833984,21.610000610351562,45.372161865234375
2010-07-09,14.323641777038574,23.8105411529541,13.029755592346191,35.432220458984375,41.229312896728516,24.049625396728516,22.17600440979004,8.47253131866455,23.219999313354492,46.993289947509766
2010-07-16,14.262250900268555,23.608596801757812,11.979578971862793,36.067779541015625,40.480186462402344,23.687206268310547,21.937747955322266,8.352065086364746,22.479999542236328,46.78349685668945
2010-07-23,14.21255874633789,24.018800735473633,12.538427352905273,37.1522216796875,39.24752426147461,24.049625396728516,21.30240249633789,8.36353874206543,24.010000228881836,48.71929931640625
2010-07-30,14.74457836151123,24.239669799804688,12.497171401977539,36.485557556152344,39.56078338623047,24.34366226196289,21.051923751831055,8.604466438293457,24.190000534057617,42.778377532958984
2010-08-06,15.495851516723633,24.624622344970703,13.43482780456543,36.90666580200195,40.834320068359375,25.21209716796875,21.369598388671875,9.41953182220459,24.850000381469727,43.64616775512695
2010-08-13,15.22623062133789,23.362476348876953,12.868481636047363,35.07777786254883,39.601646423339844,24.732913970947266,21.381816864013672,9.326727867126465,23.559999465942383,42.244354248046875
2010-08-20,14.97142219543457,22.92702865600586,12.242122650146484,32.61111068725586,40.00346374511719,23.672929763793945,21.03970718383789,9.233924865722656,22.93000030517578,42.14900588989258
2010-08-27,14.882534980773926,23.185771942138672,12.197114944458008,30.341110229492188,39.59702682495117,23.693710327148438,21.381816864013672,9.332527160644531,22.780000686645508,41.17633819580078
2010-09-03,15.181785583496094,24.75715446472168,12.759711265563965,31.24222183227539,40.51132583618164,24.01239585876465,21.74225425720215,9.547134399414062,24.579999923706055,43.09307861328125
2010-09-10,15.341780662536621,24.984352111816406,12.898484230041504,31.114444732666016,41.23314666748047,24.54585075378418,22.389814376831055,9.854546546936035,25.149999618530273,43.75104904174805
2010-09-17,15.421777725219727,25.73532485961914,12.962246894836426,32.86333465576172,42.32619857788086,24.795265197753906,22.426855087280273,9.895146369934082,26.5,45.11470413208008
2010-09-24,15.61140251159668,26.033618927001953,13.708624839782715,33.95333480834961,42.71804428100586,25.010032653808594,23.05033302307129,10.092357635498047,26.739999771118164,45.67732620239258
2010-10-01,15.107714653015137,25.50953483581543,13.412323951721191,32.178890228271484,42.44993591308594,25.314857482910156,22.593524932861328,9.964749336242676,26.700000762939453,45.60102462768555
2010-10-08,15.478074073791504,26.1346435546875,13.626110076904297,32.20222091674805,43.46736145019531,25.68204689025879,22.784896850585938,10.127156257629395,28.18000030517578,45.25773620605469
2010-10-15,15.75954532623291,26.46929931640625,14.151200294494629,31.09000015258789,43.70109939575195,26.160078048706055,22.80959129333496,10.295361518859863,28.040000915527344,46.5260124206543
2010-10-22,15.44251823425293,27.2648983001709,14.668793678283691,29.537778854370117,43.86607360839844,24.525081634521484,22.902191162109375,10.150359153747559,27.3700008392334,47.355648040771484
2010-10-29,14.950678825378418,27.378557205200195,14.878829956054688,29.21666717529297,43.81795883178711,24.386510848999023,22.414512634277344,10.103954315185547,26.110000610351562,49.03398895263672
2010-11-05,14.844016075134277,28.414091110229492,14.608781814575195,30.918888092041016,44.443546295166016,24.746761322021484,22.03795051574707,10.067773818969727,26.530000686645508,49.94944381713867
2010-11-12,14.529952049255371,27.49852180480957,14.17745590209961,29.74222183227539,43.769832611083984,24.41614532470703,21.426815032958984,9.874388694763184,25.290000915527344,49.77779769897461
2010-11-19,14.488471984863281,27.586925506591797,14.282472610473633,27.5,43.87983322143555,24.233516693115234,21.809545516967773,9.845088005065918,24.670000076293945,48.824188232421875
2010-11-26,14.224778175354004,27.763721466064453,13.914912223815918,28.315555572509766,43.19659423828125,23.93147850036621,21.476198196411133,9.663421630859375,28.829999923706055,49.0816650390625
2010-12-03,14.289962768554688,28.14888572692871,13.971172332763672,30.14666748046875,43.376869201660156,23.980649948120117,21.791032791137695,9.798209190368652,29.979999542236328,50.39762496948242
2010-12-10,14.15959358215332,28.963430404663086,14.106195449829102,28.89666748046875,42.92619323730469,24.570680618286133,22.216970443725586,9.97401237487793,30.200000762939453,50.57881164550781
2010-12-17,13.74183177947998,29.5506591796875,13.94866943359375,29.528888702392578,43.362998962402344,24.591745376586914,22.759761810302734,9.97987174987793,33.060001373291016,53.191673278808594
2010-12-24,13.638128280639648,29.75901985168457,13.599860191345215,29.246667861938477,43.16191864013672,24.746286392211914,22.641218185424805,10.319762229919434,33.5,53.18212127685547
2010-12-31,13.685534477233887,29.798519134521484,13.592358589172363,28.63888931274414,42.88457489013672,24.61282730102539,22.48524284362793,10.261157035827637,32.83000183105469,52.791160583496094
2011-01-07,13.910715103149414,29.608993530273438,14.064936637878418,29.711111068725586,43.40459442138672,24.51448631286621,23.30255126953125,10.747551918029785,34.099998474121094,53.754295349121094
2011-01-14,14.079597473144531,29.78588104248047,14.334990501403809,32.03111267089844,43.36994171142578,24.52151107788086,21.355985641479492,10.747551918029785,34.5,54.021297454833984
2011-01-21,14.251443862915039,29.248910903930664,14.323731422424316,36.28666687011719,43.44619369506836,24.41614532470703,21.150108337402344,10.759276390075684,33.279998779296875,52.93419647216797
2011-01-28,14.298846244812012,29.09098243713379,14.3312349319458,36.436668395996094,41.60879135131836,24.423168182373047,20.63227653503418,10.636212348937988,33.45000076293945,54.364585876464844
2011-02-04,14.641546249389648,30.310216903686523,14.548772811889648,36.80666732788086,42.18428421020508,24.95701026916504,20.519968032836914,11.429059028625488,34.470001220703125,53.36330795288086
2011-02-11,14.921697616577148,32.60336685180664,14.398743629455566,38.36333465576172,42.087223052978516,24.585779190063477,20.63227653503418,11.150735855102539,35.310001373291016,55.165611267089844
2011-02-18,15.201839447021484,32.71708297729492,14.740056991577148,37.880001068115234,42.371490478515625,24.64274787902832,20.495023727416992,11.363916397094727,37.47999954223633,55.003501892089844
2011-02-25,14.80471134185791,31.90848731994629,14.631290435791016,37.21444320678711,41.72623062133789,24.279537200927734,20.083236694335938,11.168502807617188,37.0,52.981876373291016
2011-03-04,15.02944278717041,32.066410064697266,15.268891334533691,36.893333435058594,42.71970748901367,24.64274787902832,20.62603187561035,11.64224624633789,38.0,54.37411880493164
2011-03-11,14.687726020812988,32.4707145690918,15.313902854919434,36.15888977050781,41.76120376586914,24.82793617248535,20.658756256103516,11.529731750488281,38.68000030517578,52.68626403808594
2011-03-18,14.15821647644043,31.845304489135742,15.058862686157227,35.21110916137695,40.97761535644531,24.557289123535156,20.141185760498047,11.950178146362305,38.810001373291016,50.140167236328125
2011-03-25,14.204394340515137,32.807334899902344,15.782740592956543,36.64666748046875,41.26448059082031,24.557289123535156,20.557767868041992,12.050848007202148,41.34000015258789,51.866172790527344
2011-04-01,14.346006393432617,33.22444534301758,16.000274658203125,38.315555572509766,41.621280670166016,24.92052459716797,20.873369216918945,12.068608283996582,45.2599983215332,53.38238525390625
2011-04-08,14.857043266296387,32.57979202270508,15.471433639526367,40.85222244262695,41.600284576416016,25.4190673828125,21.252073287963867,12.115985870361328,42.70000076293945,53.22027587890625
2011-04-15,15.189523696899414,33.31293487548828,15.640204429626465,40.040000915527344,42.36989974975586,25.646982192993164,21.78226661682129,12.157438278198242,45.84000015258789,53.16305160522461
2011-04-22,15.3711576461792,33.60995864868164,14.65003776550293,39.68777847290039,44.82560729980469,25.825037002563477,21.485612869262695,11.719229698181152,49.75,54.25969696044922
2011-04-29,15.340376853942871,34.91191864013672,14.567524909973145,38.85555648803711,45.9799919128418,26.359203338623047,22.69118309020996,12.417998313903809,51.040000915527344,57.20631408691406
2011-05-06,15.562029838562012,34.26725769042969,15.381415367126465,38.70888900756836,45.6651611328125,27.342069625854492,22.968902587890625,12.169283866882324,50.25,57.55916213989258
2011-05-13,15.946849822998047,34.039737701416016,15.452677726745605,39.55555725097656,46.60967254638672,28.09646224975586,23.4044189453125,12.508316993713379,53.029998779296875,59.03722381591797
2011-05-20,15.872961044311523,34.54533386230469,15.370168685913086,38.695556640625,45.959007263183594,27.728580474853516,23.391794204711914,12.370794296264648,56.90999984741211,62.155487060546875
2011-05-27,15.983794212341309,34.40629959106445,15.448930740356445,38.2511100769043,47.119781494140625,27.302974700927734,22.855287551879883,12.514297485351562,58.27000045776367,62.126869201660156
2011-06-03,15.774446487426758,32.79469680786133,15.396422386169434,38.026668548583984,46.639915466308594,26.725906372070312,22.609128952026367,12.46048355102539,58.040000915527344,59.88591766357422
2011-06-10,15.478911399841309,32.529239654541016,15.0888671875,37.581111907958984,46.639915466308594,26.725906372070312,22.37558937072754,12.024003982543945,54.58000183105469,59.924072265625
2011-06-17,15.167975425720215,32.763099670410156,14.830069541931152,38.27333450317383,46.78105163574219,26.92788314819336,22.579753875732422,12.113694190979004,54.02000045776367,59.33284378051758
2011-06-24,15.084857940673828,32.44192123413086,14.893832206726074,38.599998474121094,45.913028717041016,26.51671600341797,22.043811798095703,12.006067276000977,52.88999938964844,59.609378814697266
2011-07-01,15.531240463256836,34.471519470214844,15.73398208618164,42.07222366333008,47.49379348754883,27.17313003540039,22.7137393951416,12.406672477722168,57.75,61.99338150024414
2011-07-08,15.509697914123535,34.48415756225586,15.917760848999023,40.96666717529297,47.68435287475586,27.201993942260742,23.04551124572754,12.053902626037598,59.63999938964844,61.7740364074707
2011-07-15,15.331136703491211,33.27019119262695,15.37766170501709,39.86555480957031,47.59965896606445,27.649234771728516,22.924283981323242,11.808758735656738,55.59000015258789,60.286441802978516
2011-07-22,15.291119575500488,32.68217086791992,16.206554412841797,45.011112213134766,47.08449935913086,27.9161319732666,23.026378631591797,12.000090599060059,57.470001220703125,61.91707992553711
2011-07-29,14.934003829956055,31.050920486450195,15.8877534866333,44.50555419921875,45.72248840332031,27.627593994140625,21.77583885192871,11.50980281829834,53.060001373291016,57.30167770385742
2011-08-05,13.854637145996094,28.13613510131836,14.162456512451172,39.84111022949219,44.25463104248047,26.141611099243164,20.231821060180664,10.574061393737793,46.810001373291016,51.32262420654297
2011-08-12,14.130538940429688,27.921161651611328,14.038681983947754,38.53666687011719,44.71333694458008,25.50855255126953,19.99574851989746,10.797755241394043,54.18000030517578,51.150970458984375
2011-08-19,14.092921257019043,25.746156692504883,13.952420234680176,36.61000061035156,44.55808639526367,25.618322372436523,19.944704055786133,10.682884216308594,54.369998931884766,48.118534088134766
2011-08-26,14.40958023071289,27.118179321289062,14.526268005371094,39.65888977050781,45.7667236328125,26.174434661865234,20.365802764892578,11.009354591369629,55.810001373291016,50.94117736816406
2011-09-02,14.133678436279297,27.21933937072754,14.560028076171875,41.18111038208008,45.61719512939453,26.664714813232422,20.65291404724121,11.160500526428223,64.77999877929688,49.91130065917969
2011-09-09,13.895400047302246,26.92850112915039,14.181208610534668,41.024444580078125,45.3110466003418,26.43787384033203,20.31475830078125,11.051676750183105,65.62000274658203,48.14714813232422
2011-09-16,14.080375671386719,29.046615600585938,15.156378746032715,43.393333435058594,45.98744583129883,27.66719627380371,21.10128402709961,10.973084449768066,60.20000076293945,51.9806022644043
2011-09-23,13.453327178955078,27.004369735717773,14.413752555847168,41.66777801513672,43.851470947265625,26.39396095275879,20.04879379272461,10.54987621307373,66.19000244140625,48.57626724243164
2011-09-30,13.907937049865723,26.534425735473633,14.552525520324707,40.475555419921875,45.34665298461914,27.05253028869629,21.114194869995117,10.688929557800293,58.20000076293945,48.290157318115234
2011-10-07,14.34687328338623,26.749542236328125,14.743806838989258,40.49444580078125,44.94792938232422,27.747695922851562,20.410388946533203,11.148411750793457,63.02000045776367,48.14714813232422
2011-10-14,14.93002700805664,28.71084213256836,15.163881301879883,43.70888900756836,46.079994201660156,28.01844024658203,21.294994354248047,11.511153221130371,63.95000076293945,50.81720733642578
2011-10-21,15.224740028381348,29.6788272857666,15.553947448730469,46.18111038208008,45.41072463989258,27.85744857788086,21.533893585205078,11.523246765136719,62.16999816894531,50.788597106933594
2011-10-28,15.447343826293945,32.177894592285156,16.04903221130371,48.503334045410156,46.706539154052734,28.011123657226562,22.670316696166992,11.9827299118042,55.65999984741211,49.01491165161133
2011-11-04,14.977063179016113,30.842952728271484,15.272648811340332,48.02555465698242,45.652809143066406,27.762313842773438,21.966508865356445,11.885995864868164,56.41999816894531,46.5927848815918
2011-11-11,14.59769344329834,31.45033836364746,15.407671928405762,48.887779235839844,46.45736312866211,28.059715270996094,23.22561264038086,12.207148551940918,52.93000030517578,46.54507827758789
2011-11-18,14.117999076843262,29.938230514526367,14.957592964172363,47.00666809082031,45.46055603027344,27.348041534423828,22.5670108795166,11.926246643066406,49.810001373291016,43.7701301574707
2011-11-25,13.334189414978027,28.192045211791992,14.732555389404297,45.91777801513672,44.028472900390625,26.37688446044922,21.411216735839844,11.26672649383545,53.779998779296875,42.358787536621094
2011-12-02,14.171298027038574,30.052112579345703,14.777562141418457,48.2055549621582,45.60939025878906,27.703876495361328,22.90922737121582,12.146082878112793,58.279998779296875,44.380428314208984
2011-12-09,14.481687545776367,29.68515396118164,14.631290435791016,48.93333435058594,46.37110137939453,29.11243438720703,23.038360595703125,12.555228233337402,53.380001068115234,43.52220153808594
2011-12-16,14.186973571777344,29.337181091308594,13.937417030334473,48.01333236694336,46.20582580566406,30.046512603759766,23.687360763549805,12.842241287231445,53.0,41.80570983886719
2011-12-23,14.513040542602539,30.229259490966797,14.736303329467773,50.851112365722656,47.4130744934082,30.86940574645996,24.765552520751953,13.330769538879395,55.56999969482422,43.569862365722656
2011-12-30,14.513040542602539,29.778701782226562,15.351412773132324,51.445556640625,47.12562561035156,30.810110092163086,24.63486099243164,13.214742660522461,55.43000030517578,42.88328552246094
2012-01-06,14.726239204406738,30.595338821411133,16.04528045654297,51.16222381591797,46.5866813659668,29.56464958190918,25.138011932373047,13.171996116638184,65.79000091552734,45.41032409667969
2012-01-13,14.64158821105957,31.962717056274414,16.836666107177734,51.04888916015625,46.895668029785156,29.609130859375,25.03999137878418,13.336878776550293,78.91999816894531,47.06002426147461
2012-01-20,14.857918739318848,32.50082015991211,17.793087005615234,49.52000045776367,46.902870178222656,29.51275062561035,25.615032196044922,13.373517036437988,78.33000183105469,48.7669792175293
2012-01-27,14.942570686340332,33.083221435546875,18.27316665649414,51.0,47.11125946044922,29.06053924560547,25.17068862915039,13.11703872680664,85.54000091552734,50.02572250366211
2012-02-03,14.892407417297363,33.46939468383789,20.51605796813965,54.66777801513672,47.16875076293945,29.290342330932617,25.07266616821289,13.080526351928711,96.86000061035156,53.67799758911133
2012-02-10,14.785810470581055,32.62109375,20.15974998474121,54.53666687011719,46.42139434814453,29.14208221435547,24.772083282470703,12.9879732131958,102.08000183105469,52.9437255859375
2012-02-17,14.77023983001709,33.19084548950195,17.628055572509766,56.22111129760742,46.70165252685547,29.472394943237305,25.196826934814453,13.074353218078613,103.27999877929688,53.76382064819336
2012-02-24,14.85523509979248,33.7542610168457,16.975440979003906,56.973331451416016,46.72994613647461,29.314743041992188,24.961584091186523,13.068184852600098,103.22000122070312,54.030818939208984
2012-03-02,14.675430297851562,33.77323913574219,17.62430763244629,57.434444427490234,46.95467758178711,29.637544631958008,24.7851505279541,13.210092544555664,108.80000305175781,54.59346008300781
2012-03-09,14.695050239562988,33.77323913574219,17.2867488861084,58.20333480834961,46.93293762207031,29.697586059570312,24.569515228271484,13.25328540802002,107.20999908447266,53.65892791748047
2012-03-16,14.747357368469238,34.817787170410156,17.526784896850586,58.86000061035156,47.208404541015625,30.178041458129883,25.127492904663086,13.537110328674316,115.33000183105469,55.35274124145508
2012-03-23,14.77023983001709,34.41896438598633,17.571794509887695,59.266666412353516,46.795204162597656,29.9303035736084,25.11428451538086,13.463065147399902,119.18000030517578,54.24397277832031
2012-03-30,14.544665336608887,35.46893310546875,18.325672149658203,60.19444274902344,47.81737518310547,30.230594635009766,25.371952056884766,13.97518253326416,116.62000274658203,53.890296936035156
2012-04-06,14.449856758117676,34.91156005859375,17.913103103637695,60.58222198486328,47.3679084777832,30.388240814208984,25.68911361694336,13.783909797668457,123.44000244140625,53.42194747924805
2012-04-13,14.456399917602539,34.126163482666016,17.069204330444336,60.72888946533203,46.063011169433594,29.412328720092773,24.962308883666992,13.481579780578613,122.5999984741211,51.71099090576172
2012-04-20,15.110233306884766,33.657470703125,19.128318786621094,64.0633316040039,46.18623733520508,29.960344314575195,25.590002059936523,13.919656753540039,126.37999725341797,51.749229431152344
2012-04-27,14.237360954284668,34.639198303222656,19.56339454650879,65.09111022949219,47.005435943603516,31.00380516052246,25.411609649658203,14.240496635437012,140.00999450683594,52.4852180480957
2012-05-04,14.351781845092773,33.948829650878906,18.854516983032227,62.795555114746094,46.93293762207031,30.988788604736328,25.66268539428711,13.808595657348633,131.39999389648438,51.64408493041992
2012-05-11,14.204666137695312,33.98683547973633,19.44336700439453,62.10555648803711,46.6429557800293,31.34161949157715,25.127492904663086,14.11367416381836,134.08999633789062,50.94631576538086
2012-05-18,13.554098129272461,32.66307067871094,18.730745315551758,56.804443359375,45.925262451171875,30.7187442779541,24.988737106323242,14.063827514648438,120.2300033569336,48.30819320678711
2012-05-25,13.478906631469727,33.416786193847656,18.937034606933594,58.50555419921875,45.75747299194336,31.227684020996094,24.810344696044922,13.789654731750488,132.1699981689453,49.39784622192383
2012-06-01,13.102950096130371,31.554664611816406,18.25441551208496,55.88999938964844,45.22311019897461,30.506044387817383,24.565874099731445,13.484325408935547,123.93000030517578,46.9604606628418
2012-06-08,13.49852180480957,32.625083923339844,18.618227005004883,59.633331298828125,46.10151672363281,31.546714782714844,25.411609649658203,13.795882225036621,129.6199951171875,48.623619079589844
2012-06-15,13.661981582641602,32.73908615112305,18.862018585205078,59.073333740234375,48.319480895996094,31.896141052246094,26.009946823120117,14.088753700256348,113.8499984741211,49.094581604003906
2012-06-22,14.162169456481934,32.63140869140625,18.948287963867188,61.12444305419922,48.773311614990234,31.956911087036133,26.83820152282715,14.163528442382812,115.9000015258789,48.91250991821289
2012-06-29,14.629666328430176,33.00459289550781,19.23332977294922,61.532222747802734,49.454071044921875,32.59497833251953,27.886884689331055,14.331765174865723,114.22000122070312,49.746253967285156
2012-07-06,14.802928924560547,32.55464172363281,19.113313674926758,61.274444580078125,49.51264953613281,32.40507888793945,27.726572036743164,14.04513168334961,119.54000091552734,49.28623962402344
2012-07-13,14.943506240844727,32.12370300292969,19.192075729370117,60.00444412231445,50.2226676940918,32.86083984375,29.035764694213867,14.213375091552734,117.63999938964844,49.87081527709961
2012-07-20,15.316195487976074,32.40889358520508,19.908451080322266,55.38888931274414,50.23732376098633,33.552085876464844,28.995677947998047,14.767959594726562,121.6500015258789,49.88040542602539
2012-07-27,15.227925300598145,33.4862174987793,20.816104888916016,55.43777847290039,50.8888053894043,33.70400619506836,30.1245059967041,14.848959922790527,136.89999389648438,53.7615966796875
2012-08-03,15.760809898376465,33.81575393676758,21.32994842529297,54.761112213134766,50.596004486083984,33.53690719604492,29.489967346191406,15.269095420837402,136.9600067138672,54.240745544433594
2012-08-10,15.711456298828125,33.891822814941406,21.29244041442871,55.39777755737305,50.24464416503906,33.11913299560547,29.770492553710938,15.055276870727539,136.83999633789062,54.69117736816406
2012-08-17,15.751437187194824,34.088253021240234,21.284940719604492,56.858890533447266,49.629756927490234,32.589019775390625,28.94892692565918,14.96094799041748,138.05999755859375,54.25033950805664
2012-08-24,15.751437187194824,33.77773666381836,21.48747444152832,56.168888092041016,49.93301773071289,33.69529724121094,28.80196762084961,15.099298477172852,145.08999633789062,54.23116683959961
2012-08-31,15.588191032409668,33.948848724365234,21.637496948242188,54.643333435058594,49.80744934082031,34.501956939697266,28.755216598510742,15.00497055053711,148.0500030517578,54.959476470947266
2012-09-07,15.588191032409668,34.893104553222656,22.226350784301758,55.637779235839844,50.13983917236328,35.83871841430664,29.423166275024414,15.243941307067871,152.5500030517578,56.47364044189453
2012-09-14,15.644829750061035,34.70298385620117,23.26153564453125,55.738887786865234,50.575645446777344,35.892478942871094,29.413372039794922,14.96723747253418,149.67999267578125,58.211151123046875
2012-09-21,15.977982521057129,34.79169845581055,25.41440773010254,57.52888870239258,51.01143264770508,36.46098709106445,30.283222198486328,15.420031547546387,145.08999633789062,57.346771240234375
2012-09-28,15.944663047790527,34.96820831298828,24.878063201904297,55.06999969482422,50.900657653808594,36.422584533691406,30.411354064941406,15.627554893493652,152.66000366210938,56.5015983581543
2012-10-05,15.738110542297363,35.79882049560547,26.0407657623291,56.81222152709961,51.447265625,37.05253601074219,31.207019805908203,16.048906326293945,159.0,58.48966979980469
2012-10-12,15.368310928344727,35.4627799987793,25.481918334960938,54.95333480834961,50.20631790161133,38.75804901123047,30.761985778808594,15.797350883483887,150.72999572753906,56.51120376586914
2012-10-19,15.674809455871582,33.82057571411133,24.975576400756836,59.81666564941406,53.07966995239258,40.60952377319336,31.712751388549805,16.199832916259766,158.24000549316406,55.742862701416016
2012-10-26,15.528223991394043,32.825103759765625,25.155607223510742,59.537776947021484,52.370574951171875,38.57368087768555,31.11937141418457,15.992305755615234,149.25,58.624122619628906
2012-11-02,15.441603660583496,32.939239501953125,25.13311195373535,60.163333892822266,52.370574951171875,37.298362731933594,31.018213272094727,15.43889331817627,143.5,59.06591796875
2012-11-09,15.138435363769531,32.98362350463867,24.382976531982422,58.844444274902344,51.60976028442383,36.46866989135742,29.70332908630371,15.336467742919922,140.74000549316406,58.2879753112793
2012-11-16,14.771968841552734,32.964599609375,27.90484046936035,59.32444381713867,51.10747146606445,35.63167953491211,29.042499542236328,15.139763832092285,157.69000244140625,58.191932678222656
2012-11-23,15.478250503540039,33.915679931640625,28.54995346069336,59.72222137451172,51.83512878417969,37.05198287963867,29.858415603637695,15.564892768859863,176.0800018310547,60.16081237792969
2012-11-30,15.838052749633789,34.220035552978516,28.129873275756836,58.77777862548828,51.96180725097656,38.06094741821289,29.871906280517578,15.875810623168945,176.5500030517578,61.034786224365234
2012-12-07,16.057933807373047,33.922027587890625,27.72480583190918,57.58777618408203,52.498355865478516,38.518856048583984,30.094409942626953,16.218454360961914,180.8699951171875,61.735897064208984
2012-12-14,15.811405181884766,34.586978912353516,27.844831466674805,59.23444366455078,52.67719268798828,37.090797424316406,29.641035079956055,15.977330207824707,179.7100067138672,61.810977935791016
2012-12-21,15.814736366271973,35.563934326171875,27.297231674194336,55.198890686035156,52.364219665527344,38.45676803588867,28.26585578918457,15.913885116577148,173.47999572753906,61.4259147644043
2012-12-28,15.61817455291748,34.904170989990234,27.14720916748047,53.27777862548828,51.77553176879883,37.71944808959961,27.66678237915039,15.793325424194336,167.97000122070312,60.55955505371094
2013-01-04,16.041276931762695,36.851749420166016,28.399934768676758,55.586666107177734,53.31806182861328,40.01677703857422,28.572206497192383,16.472265243530273,181.07000732421875,62.92763137817383
2013-01-11,16.227848052978516,37.923885345458984,29.28506851196289,56.22222137451172,53.91421127319336,41.219749450683594,29.42999839782715,16.82760238647461,179.4600067138672,65.02619934082031
2013-01-18,16.321123123168945,38.3869743347168,29.360084533691406,56.481109619140625,54.56997299194336,41.731990814208984,29.25979995727539,16.84029769897461,167.97000122070312,66.80708312988281
2013-01-25,16.664270401000977,38.406009674072266,29.765155792236328,64.20222473144531,55.084136962890625,41.297367095947266,29.586572647094727,17.132171630859375,174.47999572753906,68.54945373535156
2013-02-01,16.131227493286133,38.36161422729492,30.425273895263672,64.85221862792969,55.27789306640625,42.06573486328125,28.476911544799805,17.685155868530273,172.8800048828125,71.9860610961914
2013-02-08,15.801412582397461,38.577293395996094,30.680313110351562,64.30555725097656,56.24664306640625,41.69318771362305,28.034393310546875,17.205093383789062,165.8800048828125,71.80316162109375
2013-02-15,15.846667289733887,39.129207611083984,31.20541763305664,63.24555587768555,56.75337600708008,41.97460174560547,28.19778823852539,17.467527389526367,164.92999267578125,71.64912414550781
2013-02-22,15.680074691772461,38.989646911621094,31.843017578125,63.78333282470703,57.27493667602539,42.50719451904297,29.252992630004883,17.525131225585938,160.3800048828125,70.22441101074219
2013-03-01,15.773786544799805,39.0594367980957,32.59315872192383,61.488887786865234,57.61296081542969,42.90665817260742,29.021526336669922,17.531532287597656,171.72999572753906,71.9860610961914
2013-03-08,15.843194961547852,39.29415512084961,34.07841110229492,57.18111038208008,58.732177734375,43.20428466796875,29.252992630004883,18.043590545654297,172.97000122070312,74.16162872314453
2013-03-15,16.124311447143555,39.744571685791016,33.88337707519531,51.04888916015625,59.483299255371094,43.18082046508789,30.30477523803711,17.934778213500977,171.83999633789062,74.41117095947266
2013-03-22,17.05789566040039,39.12287521362305,34.13840866088867,54.37666702270508,59.89643478393555,43.52543258666992,30.174203872680664,18.165203094482422,172.39999389648438,73.26342010498047
2013-03-29,17.3459529876709,39.445613861083984,36.711368560791016,54.57666778564453,61.240997314453125,44.48100280761719,30.38038444519043,18.47243881225586,176.39999389648438,73.77458190917969
2013-04-05,17.50213050842285,38.430118560791016,35.53365707397461,54.44111251831055,61.62409210205078,44.238189697265625,31.019609451293945,18.626052856445312,185.41000366210938,74.42079162597656
2013-04-12,17.81101417541504,39.071136474609375,38.95424270629883,56.89444351196289,62.149879455566406,45.044952392578125,32.38054656982422,19.630966186523438,215.83999633789062,76.76451873779297
2013-04-19,17.776308059692383,37.50981521606445,39.88441848754883,53.86111068725586,63.46439743041992,44.974449157714844,32.6417350769043,19.880592346191406,212.5800018310547,77.18893432617188
2013-04-26,17.890836715698242,38.0429573059082,38.54168701171875,54.084442138671875,63.93760299682617,44.22252655029297,32.902915954589844,19.259721755981445,216.60000610351562,78.24986267089844
2013-05-03,18.057424545288086,38.58878707885742,41.36967849731445,55.97999954223633,64.41084289550781,43.071144104003906,31.39077377319336,18.536449432373047,266.1600036621094,79.25296020507812
2013-05-10,17.88736343383789,39.28694534301758,39.666873931884766,55.50777816772461,64.4183349609375,42.937992095947266,31.583232879638672,18.536067962646484,273.5,81.46163177490234
2013-05-17,17.89430809020996,40.143760681152344,42.232330322265625,53.77777862548828,66.16851043701172,44.1684684753418,31.61073112487793,18.690967559814453,266.9700012207031,83.2074203491211
2013-05-24,18.10601043701172,39.41387176513672,41.864749908447266,55.725555419921875,65.70478820800781,42.7778205871582,32.4149169921875,18.742599487304688,250.30999755859375,84.1236801147461
2013-05-31,17.78672218322754,39.23616027832031,40.867088317871094,55.28111267089844,63.70684814453125,42.00348663330078,32.098731994628906,17.574413299560547,241.8800048828125,85.1653060913086
2013-06-07,17.856128692626953,39.41387176513672,39.67438507080078,57.054443359375,64.25932312011719,41.47410583496094,33.122867584228516,18.23918342590332,257.5,81.57738494873047
2013-06-14,17.630538940429688,39.680442810058594,39.17928695678711,55.36777877807617,64.25932312011719,41.12644577026367,33.26060485839844,18.774873733520508,236.92999267578125,82.2444839477539
2013-06-21,16.710838317871094,39.42021179199219,36.62884521484375,55.87555694580078,62.96519088745117,39.43555450439453,32.60163879394531,18.368261337280273,215.47000122070312,80.28304290771484
2013-06-28,16.415842056274414,40.19368362426758,38.459163665771484,56.23666763305664,64.97828674316406,38.81134796142578,32.220123291015625,18.07782745361328,224.8800048828125,81.77102661132812
2013-07-05,16.67266273498535,41.01914978027344,39.996925354003906,56.0011100769043,66.49942779541016,39.964942932128906,32.71261215209961,18.052011489868164,233.47999572753906,82.53433990478516
2013-07-12,17.207136154174805,43.29869842529297,43.01245880126953,47.671112060546875,68.10381317138672,40.652366638183594,33.669857025146484,18.594158172607422,266.0,85.21080017089844
2013-07-19,17.352895736694336,43.61619186401367,45.08281326293945,43.630001068115234,69.7990493774414,39.98075485229492,33.14960861206055,18.774873733520508,274.8599853515625,86.5538101196289
2013-07-26,17.54377555847168,42.365291595458984,46.93562698364258,42.47666549682617,70.25311279296875,42.16151428222656,33.63517761230469,18.955581665039062,269.2099914550781,87.5296859741211
2013-08-02,17.76589584350586,42.68911361694336,46.320526123046875,43.738887786865234,71.43370056152344,42.57238006591797,33.669857025146484,19.11016845703125,272.3900146484375,88.7084732055664
2013-08-09,17.613187789916992,42.53673553466797,44.415191650390625,43.54111099243164,69.89739990234375,42.8094367980957,33.56581115722656,19.00606346130371,250.00999450683594,89.34618377685547
2013-08-16,17.658565521240234,42.37162780761719,42.689903259277344,42.03666687011719,67.63459777832031,42.14856719970703,33.087188720703125,18.459491729736328,230.97999572753906,87.62632751464844
2013-08-23,17.89876937866211,42.758968353271484,44.73775863647461,43.34333419799805,67.41218566894531,41.95718002319336,33.10799789428711,18.43997573852539,238.85000610351562,87.78089904785156
2013-08-30,17.383033752441406,41.603309631347656,45.210330963134766,42.9466667175293,65.88719177246094,40.98441696166992,32.80278778076172,18.355392456054688,242.30999755859375,85.82916259765625
2013-09-06,17.266462326049805,42.435115814208984,45.847957611083984,42.74333190917969,66.45903778076172,41.78974151611328,32.94151306152344,18.40093421936035,267.57000732421875,87.452392578125
2013-09-13,17.89170265197754,44.295597076416016,47.655757904052734,41.66666793823242,67.5341796875,42.4754638671875,33.44838333129883,18.550594329833984,289.9700012207031,88.17778015136719
2013-09-20,18.35091781616211,44.174949645996094,47.90331268310547,41.63222122192383,68.38054656982422,43.00173568725586,33.60236740112305,18.849895477294922,300.79998779296875,90.481201171875
2013-09-27,18.287336349487305,44.383583068847656,47.663265228271484,40.828887939453125,66.13117980957031,40.26678466796875,33.44838333129883,18.791337966918945,305.6499938964844,90.01665496826172
2013-10-04,18.128376007080078,43.526031494140625,47.28819274902344,40.475555419921875,66.57341766357422,38.57637405395508,33.756351470947266,18.869417190551758,308.6000061035156,89.38756561279297
2013-10-11,18.001209259033203,44.11044692993164,47.025657653808594,43.35333251953125,68.20516967773438,38.97505569458008,33.09843444824219,18.687232971191406,290.29998779296875,89.96824645996094
2013-10-18,18.05772590637207,45.73664474487305,51.16636276245117,41.83555603027344,69.86741638183594,39.51725769042969,32.62251281738281,19.851924896240234,303.55999755859375,93.02655792236328
2013-10-25,18.629976272583008,45.806522369384766,52.26906967163086,41.014442443847656,70.21813201904297,40.39436340332031,32.57351303100586,19.916994094848633,302.239990234375,94.66217803955078
2013-11-01,18.612316131591797,46.136837005615234,53.23674774169922,41.336666107177734,71.19416046142578,40.17110061645508,31.65663719177246,20.2813720703125,285.7900085449219,94.77832794189453
2013-11-08,18.580522537231445,47.38823699951172,50.536277770996094,43.31444549560547,71.71266174316406,40.37044143676758,32.755489349365234,20.536741256713867,283.07000732421875,95.01061248779297
2013-11-15,18.817195892333984,47.318359375,52.426578521728516,43.82666778564453,71.97189331054688,41.07548522949219,33.64435577392578,21.1137638092041,280.0,98.10760498046875
2013-11-22,19.77448272705078,47.420021057128906,55.71217727661133,43.301109313964844,73.13468933105469,41.25263977050781,34.2532844543457,21.061309814453125,293.67999267578125,98.24308776855469
2013-11-29,20.201902389526367,47.515281677246094,56.11724090576172,41.877777099609375,72.6816635131836,40.43934631347656,34.876197814941406,20.805583953857422,293.8599853515625,97.60435485839844
2013-12-06,20.17717742919922,47.718563079833984,55.502132415771484,41.93111038208008,72.51273345947266,40.769508361816406,34.568241119384766,20.68100357055664,282.739990234375,99.40446472167969
2013-12-13,20.25135612487793,47.013458251953125,53.55928421020508,40.32666778564453,70.14017486572266,39.77100372314453,34.16846466064453,19.83513832092285,269.5899963378906,98.22415161132812
2013-12-20,20.6010684967041,48.620601654052734,56.00472640991211,40.483333587646484,70.70835876464844,40.42325210571289,34.83233642578125,19.83513832092285,278.69000244140625,105.23185729980469
2013-12-27,20.933115005493164,48.96253204345703,55.84718322753906,42.22111129760742,70.90800476074219,41.26874923706055,35.16427993774414,20.090862274169922,277.0400085449219,107.26730346679688
2014-01-03,20.791818618774414,48.65116882324219,55.74966812133789,41.49555587768555,70.52407836914062,41.14796829223633,35.12189483642578,20.01218032836914,271.75,106.6663589477539
2014-01-10,21.364070892333984,49.36288070678711,56.1622314453125,46.68333435058594,72.74308013916016,41.81631088256836,35.22785568237305,20.123647689819336,274.3800048828125,110.94072723388672
2014-01-17,22.512104034423828,49.48362350463867,58.81019592285156,47.793331146240234,72.98880004882812,44.417259216308594,36.689781188964844,20.38593292236328,292.0,112.3267822265625
2014-01-24,22.68166160583496,47.10698699951172,60.47549057006836,45.63999938964844,69.57199096679688,43.579811096191406,36.710960388183594,19.7302188873291,279.6099853515625,106.5694351196289
2014-01-31,22.430866241455078,47.2722053527832,60.497989654541016,45.28666687011719,67.92884826660156,43.49122619628906,37.410152435302734,19.933502197265625,288.5899963378906,111.59986114501953
2014-02-07,22.522705078125,47.73609161376953,59.07275390625,46.40888977050781,69.13433837890625,42.84703063964844,38.68141555786133,20.641883850097656,299.7900085449219,114.14897918701172
2014-02-14,23.808504104614258,48.56855392456055,60.91804885864258,48.758888244628906,71.22280883789062,44.04010009765625,39.154605865478516,21.117921829223633,323.989990234375,119.93544006347656
2014-02-21,24.204246520996094,48.39061737060547,61.95323944091797,48.35444259643555,70.77635955810547,47.09528350830078,39.571285247802734,20.800559997558594,334.9800109863281,119.39264678955078
2014-02-28,24.62212562561035,48.60668182373047,62.103271484375,49.42555618286133,71.24036407470703,48.43599319458008,40.24928665161133,21.230321884155273,332.5,120.71085357666016
2014-03-07,24.324159622192383,49.20402908325195,59.695350646972656,49.331111907958984,72.16838836669922,47.60719680786133,40.58829116821289,21.441892623901367,328.1099853515625,122.77536010742188
2014-03-14,23.728233337402344,46.89092254638672,56.29725646972656,47.00777816772461,71.77395629882812,47.83469772338867,39.6452751159668,20.64849090576172,329.5,118.63192749023438
2014-03-21,23.306718826293945,47.85047149658203,54.06187438964844,47.65444564819336,74.18681335449219,46.94902038574219,38.90504837036133,21.276609420776367,310.7900085449219,119.26268005371094
2014-03-28,23.691890716552734,47.01301574707031,51.42142105102539,48.33222198486328,75.35455322265625,46.81089401245117,39.844573974609375,21.0782527923584,300.0899963378906,114.99290466308594
2014-04-04,23.408458709716797,47.98673629760742,54.159385681152344,56.168888092041016,76.11243438720703,47.948463439941406,39.94422149658203,21.263383865356445,285.3399963378906,116.33206939697266
2014-04-11,22.747121810913086,46.33203887939453,49.53108596801758,48.8477783203125,74.91375732421875,47.493438720703125,39.8018684387207,19.742679595947266,288.3599853515625,112.34371948242188
2014-04-18,23.07052993774414,46.363868713378906,52.50910949707031,45.776668548583984,76.53003692626953,49.10228729248047,40.19334411621094,20.000539779663086,296.739990234375,115.76923370361328
2014-04-25,24.949159622192383,46.49113845825195,55.43462371826172,40.70777893066406,77.17191314697266,47.5340690612793,40.74140167236328,20.33112335205078,284.4200134277344,110.90750885009766
2014-05-02,29.440444946289062,46.631141662597656,58.2926025390625,40.398887634277344,76.80069732666016,48.005348205566406,41.43893814086914,20.33112335205078,293.5899963378906,110.83959197998047
2014-05-09,28.0669002532959,47.114837646484375,59.83037185668945,39.22888946533203,78.0380630493164,48.23284912109375,39.29651641845703,19.36498260498047,279.4100036621094,113.14913940429688
2014-05-16,29.171552658081055,47.93583679199219,60.61050796508789,41.565555572509766,77.7828598022461,47.79822540283203,39.76626968383789,19.425016403198242,295.42999267578125,114.36213684082031
2014-05-23,26.264575958251953,49.908775329589844,60.715538024902344,40.428890228271484,78.63644409179688,48.994407653808594,40.435340881347656,19.67184066772461,297.7699890136719,112.3145980834961
2014-05-30,26.235504150390625,49.915122985839844,60.91804885864258,41.08222198486328,79.01023864746094,49.04356002807617,41.18269348144531,19.765226364135742,306.9599914550781,113.44998931884766
2014-06-06,26.475330352783203,51.149803161621094,61.80321502685547,41.2511100769043,80.34964752197266,48.85512161254883,41.17558288574219,19.625137329101562,311.2099914550781,116.26412963867188
2014-06-13,26.976778030395508,51.08615493774414,60.55050277709961,44.09111022949219,79.84349060058594,48.25702667236328,41.76563262939453,19.698518753051758,306.2699890136719,115.7778549194336
2014-06-20,27.423728942871094,51.34710693359375,60.91054153442383,44.905555725097656,81.9771957397461,50.821449279785156,42.25328826904297,19.865285873413086,285.25,115.56411743164062
2014-06-27,26.9259090423584,50.470645904541016,62.215789794921875,47.0444450378418,81.75914764404297,51.69809341430664,41.25648498535156,19.79190444946289,277.2900085449219,114.9422607421875
2014-07-04,27.485498428344727,50.6363639831543,65.93640899658203,44.893333435058594,82.09403228759766,51.66533660888672,42.45408248901367,20.36558723449707,311.1600036621094,116.70088195800781
2014-07-11,27.07489585876465,49.954402923583984,66.55904388427734,43.2488899230957,81.84483337402344,51.4850959777832,41.909061431884766,20.05873680114746,316.1099853515625,114.91309356689453
2014-07-18,27.07852554321289,47.87031936645508,66.90408325195312,43.0,79.27501678466797,52.00124740600586,41.83734893798828,20.49900245666504,305.9200134277344,117.56562042236328
2014-07-25,27.063993453979492,48.23998260498047,67.39169311523438,52.18888854980469,79.51641082763672,52.25522994995117,41.70109939575195,20.138784408569336,303.0899963378906,121.5201416015625
2014-08-01,26.377216339111328,46.74223709106445,68.63690948486328,50.35222244262695,77.79540252685547,49.71538543701172,40.73297119140625,19.421430587768555,324.30999755859375,117.93486022949219
2014-08-08,24.88739013671875,47.71735763549805,69.34952545166016,49.336666107177734,78.71434020996094,49.961177825927734,40.55367660522461,19.07149314880371,338.32000732421875,117.72107696533203
2014-08-15,25.233694076538086,47.895816802978516,74.63044738769531,51.01555633544922,78.78439331054688,50.24767303466797,42.030967712402344,19.273378372192383,348.6199951171875,118.10002136230469
2014-08-22,26.89409637451172,49.100372314453125,77.98350524902344,52.415557861328125,80.83040618896484,51.47000503540039,42.43257522583008,19.461801528930664,340.7900085449219,117.77938079833984
2014-08-29,27.983856201171875,48.82632064819336,80.68399047851562,52.223331451416016,81.32431030273438,52.49412536621094,43.10668182373047,19.778095245361328,350.4599914550781,116.7980728149414
2014-09-05,27.516281127929688,49.16411590576172,79.03369903564453,51.70888900756836,81.86528778076172,53.4521598815918,43.87400436401367,19.95306396484375,350.6600036621094,121.09258270263672
2014-09-12,26.986135482788086,48.998409271240234,77.75846862792969,53.41444396972656,81.99072265625,53.90640640258789,43.01658630371094,19.805011749267578,346.05999755859375,119.92642974853516
2014-09-19,27.508926391601562,50.6363639831543,79.48377990722656,52.16999816894531,84.66417694091797,54.94704055786133,43.695613861083984,20.45778465270996,358.9200134277344,119.88751983642578
2014-09-26,26.4928035736084,48.45078659057617,81.29907989501953,51.14444351196289,83.96643829345703,54.0798454284668,42.90101623535156,20.000167846679688,358.17999267578125,118.0586929321289
2014-10-03,25.71230125427246,47.831668853759766,79.90385437011719,52.801109313964844,82.42193603515625,54.23676681518555,43.269412994384766,19.663694381713867,361.6000061035156,118.08787536621094
2014-10-10,25.185834884643555,45.86579895019531,77.81099700927734,52.227779388427734,79.36434936523438,52.98139572143555,42.373680114746094,19.60312843322754,343.510009765625,113.30171203613281
2014-10-17,24.964935302734375,47.73591232299805,75.57560729980469,52.2488899230957,77.38081359863281,51.68473815917969,39.02193069458008,18.728282928466797,369.6400146484375,109.30349731445312
2014-10-24,25.81538963317871,49.75923538208008,83.04691314697266,53.112220764160156,80.85395050048828,54.55060577392578,41.615203857421875,19.589670181274414,402.5,114.69279479980469
2014-10-31,26.85359764099121,51.31659698486328,84.01455688476562,55.088890075683594,84.49954223632812,54.78187942504883,41.853580474853516,20.15494728088379,393.7200012207031,114.37177276611328
2014-11-07,26.831506729125977,51.82082748413086,79.851318359375,55.557777404785156,84.82881927490234,55.00484848022461,42.864898681640625,20.309139251708984,377.8399963378906,113.42816162109375
2014-11-14,26.820466995239258,52.484615325927734,76.55828094482422,56.91222381591797,84.79745483398438,56.012264251708984,42.669857025146484,20.594234466552734,395.20001220703125,115.51966857910156
2014-11-21,27.450016021728516,53.352664947509766,75.44807434082031,57.27000045776367,85.11300659179688,56.03723907470703,43.0960578918457,20.668901443481445,405.25,123.0977554321289
2014-11-28,27.306432723999023,53.33352279663086,75.25303649902344,57.529998779296875,85.42073822021484,56.66946792602539,43.63059616088867,21.14404296875,416.1099853515625,125.77294921875
2014-12-05,27.140766143798828,54.17603302001953,78.45610809326172,56.54111099243164,85.62593078613281,59.77247619628906,44.41796112060547,21.714223861694336,423.2300109863281,125.0433120727539
2014-12-12,26.43389892578125,53.46117401123047,78.11103057861328,55.86333465576172,82.40636444091797,57.85909652709961,42.00985336303711,21.008291244506836,416.44000244140625,121.73332214355469
2014-12-19,26.39339828491211,55.06322479248047,81.3515853881836,59.106666564941406,83.2901611328125,60.23003387451172,43.36358642578125,21.68028450012207,427.6400146484375,125.1031723022461
2014-12-26,26.10623550415039,55.42863845825195,70.35469055175781,59.026668548583984,82.90350341796875,58.55790710449219,42.05351638793945,21.483444213867188,413.4800109863281,124.34352111816406
2015-01-02,25.918474197387695,54.783164978027344,71.1948471069336,58.39666748046875,82.47738647460938,58.28337097167969,41.62409591674805,21.2662296295166,410.1600036621094,124.78175354003906
2015-01-09,25.565034866333008,54.661720275878906,76.67079162597656,57.87444305419922,82.80879974365234,58.17522430419922,45.53248977661133,22.16221809387207,411.0400085449219,126.36933135986328
2015-01-16,26.52593421936035,52.750831604003906,75.54559326171875,58.95888900756836,82.09859466552734,58.79915237426758,45.87458038330078,22.264036178588867,408.69000244140625,122.02550506591797
2015-01-23,26.025236129760742,53.77338790893555,79.16873168945312,57.50777816772461,80.64664459228516,60.00541305541992,45.481563568115234,22.026466369628906,420.2099914550781,121.616455078125
2015-01-30,26.154094696044922,52.64857864379883,78.6361312866211,54.942222595214844,79.0210952758789,59.897281646728516,43.873077392578125,21.211925506591797,416.6600036621094,121.94757843017578
2015-02-06,24.920757293701172,54.18879699707031,73.1227035522461,56.918888092041016,79.77864837646484,58.532955169677734,42.78861999511719,22.713804244995117,406.8599853515625,121.54827117919922
2015-02-13,25.756481170654297,55.47977066040039,76.43824005126953,56.747779846191406,78.61076354980469,59.11861038208008,42.80316162109375,23.720415115356445,402.3999938964844,124.28504943847656
2015-02-20,25.9569091796875,56.0357666015625,76.97085571289062,57.03444290161133,79.66960144042969,60.22458267211914,42.4683723449707,23.6656436920166,423.7799987792969,127.7523193359375
2015-02-27,26.078027725219727,55.7801399230957,77.66097259521484,55.55555725097656,81.45751953125,58.79184341430664,42.60667037963867,23.501291275024414,413.8399963378906,126.61279296875
2015-03-06,25.082597732543945,54.46359634399414,76.37073516845703,54.893333435058594,79.55039978027344,57.31722640991211,41.36936569213867,23.26162338256836,422.1300048828125,125.16159057617188
2015-03-13,25.491365432739258,54.45082092285156,74.72045135498047,54.82777786254883,78.8352279663086,58.557254791259766,41.23454666137695,23.282167434692383,429.3800048828125,124.24568176269531
2015-03-20,27.516298294067383,55.697059631347656,76.73078918457031,56.55888748168945,81.37012481689453,63.77704620361328,42.98079299926758,23.453359603881836,488.8699951171875,133.22628784179688
2015-03-27,26.52086067199707,54.32341003417969,75.76313781738281,55.25,79.73316955566406,61.6489143371582,42.37181091308594,23.645092010498047,454.5,130.35952758789062
2015-04-03,26.040184020996094,53.90085983276367,73.83531188964844,56.47666549682617,79.17693328857422,59.688331604003906,41.89490509033203,23.54237937927246,438.2699890136719,129.7938995361328
2015-04-10,26.460309982299805,54.40663146972656,76.34072875976562,58.928890228271484,81.0999526977539,61.93376159667969,42.004966735839844,24.268230438232422,461.3900146484375,130.3984832763672
2015-04-17,26.993976593017578,53.92007064819336,76.04820251464844,60.07777786254883,79.12923431396484,60.71888732910156,41.733482360839844,23.994327545166016,447.5199890136719,128.8091278076172
2015-04-24,27.171873092651367,53.331058502197266,77.78845977783203,56.21333312988281,80.32118225097656,59.973209381103516,42.261741638183594,24.15182113647461,480.0899963378906,126.78096771240234
2015-05-01,25.691967010498047,52.83168411254883,78.77117919921875,55.328887939453125,79.56631469726562,61.26350784301758,43.91992950439453,23.336950302124023,471.1600036621094,124.47970581054688
2015-05-08,26.46409034729004,53.79842758178711,77.90100860595703,54.924442291259766,80.631103515625,61.380802154541016,44.56560516357422,23.488616943359375,481.2900085449219,126.74191284179688
2015-05-15,26.225645065307617,55.347782135009766,81.98922729492188,55.962223052978516,81.29065704345703,61.501564025878906,44.191410064697266,23.467905044555664,489.010009765625,126.91740417480469
2015-05-22,26.286195755004883,55.45022201538086,83.79703521728516,55.029998779296875,81.12303161621094,62.68266677856445,43.567745208740234,23.668127059936523,513.8800048828125,128.8578338623047
2015-05-29,25.567066192626953,55.264556884765625,84.21708679199219,54.19444274902344,80.15451049804688,66.56342315673828,44.675655364990234,23.992633819580078,512.5599975585938,126.40064239501953
2015-06-05,25.366464614868164,54.989261627197266,85.48481750488281,55.008888244628906,78.91386413574219,65.9053726196289,43.2816162109375,23.53694725036621,539.4000244140625,126.34212493896484
2015-06-12,24.863075256347656,54.45145034790039,88.58001708984375,55.073333740234375,78.72174835205078,71.04316711425781,42.7828254699707,23.619796752929688,492.2900085449219,126.92721557617188
2015-06-19,25.245351791381836,54.95722961425781,90.19111633300781,54.97222137451172,79.93040466308594,69.7102279663086,42.908504486083984,23.599090576171875,522.280029296875,126.87833404541016
2015-06-26,25.10530662536621,55.003726959228516,89.96524810791016,55.238887786865234,79.75431060791016,72.42671966552734,43.241188049316406,23.419574737548828,520.6300048828125,129.06504821777344
2015-07-03,24.757102966308594,55.6707649230957,86.60755157470703,54.032222747802734,78.79377746582031,72.6714096069336,42.63496780395508,23.039831161499023,511.0799865722656,127.83502960205078
2015-07-10,25.150724411010742,55.574546813964844,85.62886810302734,54.20777893066406,79.666259765625,74.4852523803711,42.84196472167969,23.723365783691406,526.010009765625,127.52267456054688
2015-07-17,25.55571174621582,56.90217971801758,89.03173828125,54.42333221435547,80.10649871826172,73.70909118652344,43.485145568847656,24.213577270507812,551.97998046875,132.52088928222656
2015-07-24,24.88956642150879,56.2993049621582,84.94377899169922,60.67555618286133,79.36209106445312,71.47343444824219,42.44274139404297,23.654321670532227,541.8499755859375,134.65875244140625
2015-07-31,25.578418731689453,58.723663330078125,88.7305908203125,59.241111755371094,80.2105484008789,71.29625701904297,43.588645935058594,24.89710235595703,553.6599731445312,136.21095275878906
2015-08-07,25.502723693847656,58.402984619140625,86.1558609008789,59.22111129760742,79.12196350097656,69.4065170288086,42.856746673583984,24.486295700073242,579.0399780273438,132.78443908691406
2015-08-14,25.667842864990234,58.31318283081055,87.0291519165039,58.87444305419922,79.08995056152344,71.2163314819336,43.75129699707031,24.576759338378906,576.2999877929688,131.80819702148438
2015-08-21,24.264007568359375,55.766963958740234,79.29742431640625,56.315555572509766,77.07368469238281,71.74252319335938,41.23031234741211,23.338178634643555,527.1799926757812,124.9161605834961
2015-08-28,24.294692993164062,56.47887420654297,81.14189147949219,57.137779235839844,76.75914764404297,70.60525512695312,40.93458938598633,22.725839614868164,536.7000122070312,123.51042938232422
2015-09-04,24.317707061767578,54.89470291137695,76.83560943603516,56.488887786865234,73.6458740234375,68.1694107055664,38.140079498291016,21.828216552734375,499.989990234375,118.28768920898438
2015-09-11,25.54509735107422,55.696407318115234,82.53466033935547,57.25555419921875,74.95248413085938,69.42552185058594,38.84125900268555,22.941551208496094,533.2999877929688,120.12420654296875
2015-09-18,26.365921020507812,55.292354583740234,81.96025848388672,56.828887939453125,75.32347869873047,75.10348510742188,38.87107849121094,22.858051300048828,550.3599853515625,122.93916320800781
2015-09-25,24.824010848999023,54.70228576660156,75.68701934814453,52.87888717651367,73.39582824707031,71.3436279296875,36.98456573486328,22.190059661865234,490.6700134277344,119.87984466552734
2015-10-02,24.632230758666992,55.68286895751953,74.28121185302734,51.6522216796875,75.75901794433594,74.28020477294922,37.3872184753418,23.01808738708496,479.07000732421875,121.67828369140625
2015-10-09,24.724281311035156,56.87158203125,76.07247924804688,52.18333435058594,76.92045593261719,73.10897827148438,37.991207122802734,23.129426956176758,503.9200134277344,123.66246032714844
2015-10-16,24.81633949279785,57.14786911010742,77.72014617919922,51.92555618286133,79.23523712158203,69.17940521240234,38.386390686035156,23.94354820251465,514.5900268554688,123.5451431274414
2015-10-23,24.056888580322266,59.640933990478516,81.6201171875,55.55888748168945,80.90481567382812,66.4634780883789,39.43032455444336,23.693050384521484,536.7000122070312,123.61355590820312
2015-10-30,24.463462829589844,59.955787658691406,81.7259292602539,55.17777633666992,81.48550415039062,69.23030090332031,40.757591247558594,23.533008575439453,557.3900146484375,127.82621002197266
2015-11-06,24.616886138916016,61.57499694824219,81.8846664428711,55.66222381591797,82.2033462524414,68.28823852539062,40.720306396484375,23.80011558532715,562.0,131.26670837402344
2015-11-13,24.003192901611328,60.10356140136719,77.52364349365234,55.421112060546875,80.55799102783203,67.94397735595703,39.542171478271484,23.337162017822266,548.9000244140625,129.34120178222656
2015-11-20,26.143451690673828,62.551639556884766,80.5241928100586,57.39666748046875,83.26434326171875,72.14615631103516,40.34002685546875,22.572580337524414,579.5700073242188,134.726806640625
2015-11-27,26.120437622070312,62.230384826660156,81.62769317626953,57.69333267211914,83.17497253417969,71.44579315185547,40.23563003540039,23.00046157836914,563.0999755859375,136.79885864257812
2015-12-04,26.020715713500977,62.02477264404297,78.65736389160156,57.93333435058594,83.64620208740234,73.98246002197266,39.99701690673828,23.007478713989258,558.6599731445312,133.97415161132812
2015-12-11,25.50674819946289,59.76944351196289,75.6038589477539,58.163333892822266,82.61432647705078,71.1383056640625,39.2220344543457,22.488407135009766,534.510009765625,131.3147735595703
2015-12-18,25.16153907775879,58.71427917480469,77.12203216552734,59.35333251953125,82.83367156982422,72.4023666381836,38.83845520019531,22.43931007385254,544.22998046875,131.61807250976562
2015-12-25,26.181808471679688,60.110843658447266,78.625,60.82777786254883,84.27180480957031,73.32479858398438,39.748504638671875,22.8812198638916,537.6300048828125,138.28164672851562
2016-01-01,26.45797348022461,60.078670501708984,77.547119140625,61.38999938964844,84.32054901123047,73.6237564086914,40.049346923828125,22.972400665283203,548.1900024414062,139.78855895996094
