Date_Forecast,h1,h2,h3,h4,TrueSD
2008-01-04,0.06366494258795685,0.0644981434725583,0.0651796662404208,0.06544274532433404,0.04279623508931601
2008-01-11,0.0814125320136395,0.07875406918468246,0.07709360308857381,0.07545252738093021,0.04799658412113534
2008-01-18,0.08443039007528565,0.08150078163460261,0.07912708415249795,0.07675768008334151,0.03543660099452439
2008-01-25,0.09002553643386911,0.08600538482040879,0.08253268449641064,0.07946133089940416,0.03249403572608639
2008-02-01,0.10677497165526269,0.09904328939684155,0.09272340835567268,0.08788592307394856,0.04864526555369964
2008-02-08,0.08826780622195604,0.08424820451364112,0.081320654131371,0.07911751383278078,0.06447947171680611
2008-02-15,0.08057733320401202,0.07902026586986129,0.07759354681322271,0.07673582313759711,0.05501418309018679
2008-02-22,0.06900212029665234,0.0696258762529014,0.07054628900626757,0.07114423921991711,0.022236958842531872
2008-02-29,0.07985172836418268,0.07766805405032426,0.07663322275919855,0.07616029561921119,0.03852876210047765
2008-03-07,0.07661651116582777,0.07580943494350255,0.07471220119115078,0.07416215384534362,0.020551050436980918
2008-03-14,0.1055921363051146,0.10081002497705543,0.09632271007898893,0.09333332241580859,0.030761024820739658
2008-03-21,0.09468377032924566,0.09122377946925767,0.08805445868570196,0.08558795746426139,0.0461496417723684
2008-03-28,0.08642366157803039,0.08493342569866483,0.08278455117295733,0.08181780890479917,0.034691565482087745
2008-04-04,0.0773447095422216,0.07742022366477641,0.07737968651384902,0.07715267756564033,0.039994838939233085
2008-04-11,0.06876860839968418,0.06939824970161663,0.07085266831520244,0.07139720758672978,0.024978958298593035
2008-04-18,0.11167879556810101,0.10679117078841589,0.10316205769633958,0.09894247202093784,0.03287289194562987
2008-04-25,0.09794489903774961,0.0954384839816565,0.09272688890536465,0.0910703343638788,0.04679165429392801
2008-05-02,0.09749544978535923,0.09374904072444074,0.09123354573274473,0.08961950881208076,0.0265721147884084
2008-05-09,0.0890492325137632,0.08869148616415007,0.08811273802086332,0.08758169341909308,0.022313135195032936
2008-05-16,0.11940409371082465,0.11659658543717923,0.11313270844465113,0.11104096567203234,0.024380297631940485
2008-05-23,0.10488606715723982,0.10227216636580003,0.10117916945702192,0.10005343017185493,0.015227624225184673
2008-05-30,0.08971237654115653,0.08906089044649881,0.08882104003547096,0.08824837691471739,0.024456358185507735
2008-06-06,0.08161335466920903,0.08193636545711082,0.08150111032596642,0.08188378031999599,0.023649689729802387
2008-06-13,0.0905814924440326,0.08959894982545133,0.08869334444857774,0.08842781214340599,0.03557183676420849
2008-06-20,0.07962439930808672,0.08040686020914474,0.0798707700626665,0.08056632643097633,0.03469744884490726
2008-06-27,0.09094596818726909,0.090730144315808,0.0908640832324966,0.09023904872507665,0.029760006199549036
2008-07-04,0.13455239316372278,0.12848270992504987,0.12575045745917315,0.12250421810166923,0.02934178269754841
2008-07-11,0.10725822427068685,0.10603214324626123,0.1048141733613877,0.10331215992643929,0.024426164861462117
2008-07-18,0.08819268068215184,0.08826070800898109,0.08850832773685098,0.08845096757120866,0.04274116987700117
2008-07-25,0.09996662047665059,0.09855272146974432,0.09663438454480693,0.09594126691161149,0.05154862785121351
2008-08-01,0.08965234439409789,0.08939897053449325,0.08938105786586577,0.08909703960028882,0.0395494508095342
2008-08-08,0.07852733052170825,0.07935360948081488,0.07998562245188473,0.08142197302712315,0.028159549390751354
2008-08-15,0.07559034273511257,0.0773629650524872,0.07707177585669149,0.07741383140228435,0.028575169311985636
2008-08-22,0.06716593534410151,0.06802128384738876,0.06878933517809757,0.07061675726263682,0.030273707527286482
2008-08-29,0.07663346022060917,0.07429703007045634,0.07416259851731807,0.07411921557020064,0.03433437186562606
2008-09-05,0.07498124621817379,0.07600014894724096,0.07607296622961134,0.07707407226841008,0.030965090890064523
2008-09-12,0.11920513508423623,0.1175228314717505,0.11578278549394067,0.11392421640827206,0.05548000546254892
2008-09-19,0.11065122534589414,0.10922305089724636,0.10750048691068337,0.10652574700226342,0.05318467561631675
2008-09-26,0.11839256640389192,0.11646410897139531,0.11451363307237333,0.11299157103613894,0.0625593590421607
2008-10-03,0.11222489893763882,0.11083075335510266,0.10939625711430377,0.10868261087993958,0.08581290219943746
2008-10-10,0.2641392178022943,0.25558015083260605,0.24554082841454247,0.23683313505248654,0.0755423424830133
2008-10-17,1.3497574023858672,1.2684387822147494,1.2042346630440237,1.1441586727516138,0.19656466780195878
2008-10-24,0.8945300940420244,0.849450050276249,0.7964071542382034,0.7549433344428945,0.13476010651242143
2008-10-31,1.7900070286513006,1.7638072632431712,1.7099164239393931,1.6704155213220835,0.08058151948757752
2008-11-07,1.2770863642577306,1.2551366943478728,1.2326571934002657,1.2182557827106217,0.09584816175670147
2008-11-14,1.362280042695531,1.3097378658351284,1.269030177236412,1.2335052190057154,0.10544224591202006
2008-11-21,1.638987810826488,1.559599303904797,1.5043864917680165,1.4453055799960155,0.14232022719336068
2008-11-28,2.801168626090529,2.7711783689474685,2.7843112667126912,2.7229817451613343,0.14005013805703545
2008-12-05,2.0158394379453064,2.033332841373518,2.0599128157988544,1.999814381082028,0.12331082794635746
2008-12-12,1.8429440766541765,1.872920469381671,1.92495933183048,1.9428626271001104,0.07939503371105705
2008-12-19,2.2846533265486455,2.32434429018025,2.314676976136957,2.3709380372098274,0.11302424068567934
2008-12-26,1.697100444089715,1.739959731457694,1.7319358995304595,1.7509391622190922,0.05918483655675036
2009-01-02,0.9854654380837377,0.9561199112358045,0.9317845273916389,0.9325649576442595,0.022589412879884103
2009-01-09,0.6784489710313166,0.6733603888838059,0.6743136865827906,0.6701200675199566,0.042229890514456095
2009-01-16,0.6045795162656614,0.5961030868506395,0.5808352771153036,0.5749441172583591,0.06834916416285743
2009-01-23,0.6022301249038879,0.6079650515931794,0.6091288078247208,0.6072231593069283,0.10049413157731384
2009-01-30,1.2018952041317559,1.2315896854815749,1.26910217332338,1.3080714932032222,0.06387722342099636
2009-02-06,0.9124333393033461,0.935009069315545,0.9230271464590171,0.9309105679778503,0.05314230945235407
2009-02-13,0.7097416579918858,0.7085338358241156,0.7188070220606746,0.7379889507971166,0.0621754297169355
2009-02-20,0.6561307343862575,0.6849925315058192,0.7055054342176907,0.7346037390080166,0.05946876541359088
2009-02-27,0.7454456066608454,0.7629009190175653,0.7993754198516261,0.7963018492648188,0.054538697948907075
2009-03-06,0.638829035992749,0.6693471743390772,0.6956554227298433,0.6992402341788929,0.06390909994785564
2009-03-13,0.7569949728622877,0.7716817711213999,0.7958596095980706,0.8083493727245005,0.0756002939060401
2009-03-20,0.5408739435418884,0.5439243533416065,0.5467896486626477,0.5523047448008314,0.046948710062423224
2009-03-27,0.5726215835662349,0.57728913344397,0.5928705894047841,0.6017100708562662,0.057978867240033614
2009-04-03,0.5005044615854198,0.5220508806115741,0.5450214019030116,0.5794499692521494,0.06449614535226111
2009-04-10,0.44365122620814007,0.4578401916124008,0.48014931583356374,0.4878130959070121,0.06112349438575328
2009-04-17,0.3254058233772957,0.33726641188746975,0.3503245807657741,0.35509539111359784,0.04637193847525916
2009-04-24,0.24295707777225276,0.2504032240507053,0.2560752582725216,0.26580512824040603,0.05236319207651655
2009-05-01,0.7232363269822997,0.7339224693352995,0.7303605245490159,0.7254155700779361,0.08262460375316805
2009-05-08,0.5978625750198949,0.5999788878293879,0.6144473286384418,0.6194990235121083,0.051207801368980774
2009-05-15,0.45001749191959056,0.46361415021808283,0.4809850919607577,0.49673400508314786,0.0437554735869234
2009-05-22,0.49475796138992,0.5051908718956031,0.5261581762360883,0.53676101056343,0.03305191170095984
2009-05-29,0.38065084807865623,0.3915549855313813,0.4019144250152847,0.417646268402789,0.05043051708846267
2009-06-05,0.29787088484288926,0.31579670240734165,0.32982169455441757,0.3377468289601087,0.033139903863638714
2009-06-12,0.2154244464194424,0.23518250352035128,0.24704316534985715,0.25956443713143806,0.035129970429740455
2009-06-19,0.17149513126736543,0.18642219250130876,0.19789007708908632,0.20943435374952427,0.04347055676985531
2009-06-26,0.14829124490630297,0.15861372200896448,0.1682667994846926,0.1803316617938966,0.05182107162414017
2009-07-03,0.11517565389385549,0.12721917737982236,0.137048234492458,0.1453412517705331,0.05103101719620001
2009-07-10,0.2787315280312841,0.2878365924876773,0.3004350724133712,0.30298653692665367,0.046890103042563726
2009-07-17,0.25750764056242414,0.2722498362381994,0.2867323578217249,0.30884937710396626,0.030137279370184827
2009-07-24,0.21203439441196686,0.22225635541487576,0.2352671975259601,0.2441928990940638,0.024412828698403825
2009-07-31,0.17516226388108266,0.1860779249760876,0.19890892547796632,0.20862132971159691,0.04120165436592708
2009-08-07,0.14136402396056455,0.14983652178341708,0.16161337939695336,0.17291351035728778,0.02256074749338283
2009-08-14,0.12148145013572542,0.12946707334605267,0.14144315313046169,0.14819079669689156,0.03227729200761059
2009-08-21,0.09503351224188783,0.10564946866583826,0.11431126913198819,0.11979026127987004,0.05317915424458026
2009-08-28,0.07649676266641789,0.086125697576213,0.09524621028291033,0.1024014599772213,0.015575104513096686
2009-09-04,0.06546867600948927,0.0735776764897233,0.08617087127285196,0.09566213260154947,0.02258207222086863
2009-09-11,0.09667811810893319,0.10828811019361596,0.11874574523302346,0.1264945429704362,0.04406273062602928
2009-09-18,0.07377845391256402,0.08125805505994498,0.09157754829779481,0.10084805978521119,0.047457866066704844
2009-09-25,0.1558022433755823,0.17410731241764502,0.18571281657759775,0.20057319109875046,0.043405446546756474
2009-10-02,0.16610172365328116,0.179247124483537,0.1935705775638559,0.20633380586643374,0.02230779403018054
2009-10-09,0.13875815706298858,0.1470149654112563,0.15772712597436356,0.16626337511225123,0.02277276247169373
2009-10-16,0.11231972127693152,0.12093257355551662,0.12916584300817283,0.1366308664960352,0.025522415489691565
2009-10-23,0.09263794519939285,0.1015959638812929,0.10770944866953151,0.11893866514443588,0.023395902500092908
2009-10-30,0.07643428416639836,0.08340880465915315,0.091392571715294,0.09794139319617967,0.030184140900104024
2009-11-06,0.17101463119566263,0.17966800896283655,0.1932523779079418,0.20171439416789522,0.028984388659931876
2009-11-13,0.14622755065169285,0.15501737795290857,0.16170923213205377,0.173011247912222,0.021303471467210042
2009-11-20,0.13207590257182825,0.13932879477640903,0.14604439345413248,0.15570963333935892,0.022771656175831597
2009-11-27,0.11375562630879521,0.12430427901853124,0.13076037633441343,0.14047412219812294,0.013807729462546915
2009-12-04,0.09937948085997014,0.1066557667988849,0.11353352812720155,0.12358789671794276,0.01987399352420352
2009-12-11,0.08762693009079957,0.09785429752870493,0.10585844574975162,0.11475135555877998,0.020405680631822187
2009-12-18,0.0791131213719468,0.08845234294044622,0.09797708140729128,0.10678395117990055,0.022373712585127332
2009-12-25,0.06823226668889219,0.07632610418753777,0.08484323782267535,0.09349403741931774,0.015905573047970224
2010-01-01,0.05942936475600379,0.06860074416841623,0.07610075288564017,0.08367146994831991,0.012905315758639537
2010-01-08,0.08423588718952567,0.0939357925247245,0.1027656186470342,0.11203703068402636,0.015323694648230675
2010-01-15,0.07385020941988603,0.08219814673420898,0.09374424601972307,0.10498437659863975,0.024293299618412773
2010-01-22,0.07599806115746771,0.08508665604133282,0.09322043256087156,0.10170273294907257,0.033895257870753606
2010-01-29,0.10630785329922744,0.11707945798316297,0.1276304744542758,0.13505925572977165,0.024527122449341587
2010-02-05,0.11780475120040643,0.12805357190912733,0.13616746857537207,0.1477254110115735,0.024419176533466518
2010-02-12,0.09622999022827752,0.10744275411388805,0.1173966339157525,0.12488190107481373,0.03577145982338377
2010-02-19,0.08424148867247742,0.09215131604573999,0.0999049115636497,0.11033235398269502,0.025017275817605527
2010-02-26,0.07326061249807697,0.08143357579348474,0.09077957902950279,0.09948049325093758,0.04861214517581226
2010-03-05,0.07481539303368462,0.08275360242361927,0.08900516548642341,0.09702731174509728,0.04082119063602874
2010-03-12,0.06992687442639117,0.07667665822090085,0.08364319929997677,0.09294837571877174,0.02359923350805272
2010-03-19,0.055735162223482106,0.06173349209883981,0.06913069317626308,0.07622982336522072,0.020528417283497857
2010-03-26,0.05093182918454092,0.05689861286012844,0.06287931266746703,0.0689176873408814,0.019559841635931885
2010-04-02,0.04115682088858645,0.04706881183046318,0.05148226698209872,0.0569035574840826,0.024900580629286708
2010-04-09,0.040881859584279485,0.046293179542858824,0.05075102885857656,0.05633304305752515,0.01647888103816189
2010-04-16,0.03125777245189474,0.035288302510066386,0.03944850322987198,0.04384968085097995,0.021945533727876644
2010-04-23,0.02887851733807262,0.033788844980934915,0.03786480425744931,0.04069634249747619,0.03195375726315521
2010-04-30,0.02302285944528039,0.02517886160141982,0.02770054196311206,0.030526628027273413,0.02888474605970983
2010-05-07,0.02394146810768188,0.026890896424416097,0.030222123081921834,0.03425173047712068,0.040021624305183835
2010-05-14,0.15014822017306473,0.16033424887775272,0.16686736467079366,0.17445094105416864,0.07254785761274929
2010-05-21,0.12339373208631478,0.13332738854614778,0.14416365248485113,0.1563866850970145,0.04339057494328132
2010-05-28,0.16815092621304234,0.1777309673834987,0.1882668900248718,0.19535022914947767,0.046399659019279664
2010-06-04,0.1400101483420066,0.14434464195463462,0.1510678093571235,0.15998986894980538,0.04823178538377114
2010-06-11,0.2256654561204771,0.24156560221817597,0.25014595455488003,0.2581381309216257,0.06169683410176585
2010-06-18,0.18696004453028248,0.19326623746221963,0.2061042487496093,0.21386720718987604,0.03491602715274686
2010-06-25,0.1565091735876969,0.16495478417984788,0.1772410643793968,0.18639081741048696,0.025703785883611403
2010-07-02,0.2611644695114934,0.2742839779134804,0.28083873315511115,0.2825548703875574,0.03000886070322749
2010-07-09,0.36415161934994267,0.35923009019766616,0.3658598631703169,0.3697854482061219,0.03891532742133608
2010-07-16,0.3138629426157057,0.32540344554742373,0.3340817140167771,0.34247660150896175,0.04008064234917203
2010-07-23,0.26057102645326286,0.26963201676690113,0.2795458531922194,0.29197505975858684,0.03891378237623316
2010-07-30,0.209850199862961,0.2177950337658781,0.23193334385832082,0.2383810831517311,0.0820538919250291
2010-08-06,0.5908305856551457,0.593813568651449,0.5904528113100967,0.598955974230375,0.05504361390517264
2010-08-13,0.4740229963510439,0.48804142877956386,0.49571924439906406,0.5046730169863115,0.031122034159095684
2010-08-20,0.47841493594882073,0.4848775868700013,0.4974616233946482,0.5088787660870403,0.029753230373828137
2010-08-27,0.3609891067780721,0.3619381913341573,0.36979771359842317,0.37762279529998094,0.036503283451510146
2010-09-03,0.35914991912527244,0.36882464490641437,0.37280107078522967,0.38043801945440775,0.04354609462581047
2010-09-10,0.2896203761486342,0.297352886820921,0.3054175022020498,0.3108487865014557,0.04596880983374763
2010-09-17,0.23338531945736526,0.2378794087824064,0.24468158040727772,0.25713509991596645,0.026646668668139046
2010-09-24,0.19356516139352298,0.20090527573682251,0.2063179762538459,0.21190349972720873,0.00882176740307903
2010-10-01,0.16230765528424382,0.1673939161965778,0.17406522912835407,0.17883081535214226,0.013950046551580258
2010-10-08,0.14343759666826242,0.14640618518035708,0.14900274138821426,0.15406964193297948,0.02295625512313853
2010-10-15,0.13403314792249138,0.13830534245434886,0.1405939283388651,0.14434366145939598,0.02894114662594928
2010-10-22,0.11683860990553635,0.12050466008965782,0.1246990260469904,0.1273330845696835,0.044955360962207404
2010-10-29,0.09863423922150058,0.10288699363749147,0.10773866004732645,0.1116589587022885,0.03148621073161359
2010-11-05,0.0922289924599434,0.095278409694112,0.09965783589518534,0.10354171139920958,0.019633035428296194
2010-11-12,0.0854553564343702,0.08852431199785248,0.09114192969624008,0.09422019587021707,0.02765078807164768
2010-11-19,0.07253130094457498,0.07476242318992936,0.07776144155432002,0.0803386367023701,0.030720249778287082
2010-11-26,0.07628025043328121,0.07827279825218063,0.08116644938738038,0.08455433410625575,0.03063787008417554
2010-12-03,0.06334730611453798,0.06624592230441158,0.06926871504324056,0.07243484727701414,0.02986877603010936
2010-12-10,0.06469671694093161,0.06754980564334166,0.07046297886963507,0.07235693884381597,0.022010751576887016
2010-12-17,0.0500720187511706,0.05289867852362966,0.05524351815554075,0.05798671667557984,0.04391096829533086
2010-12-24,0.07624337825762253,0.0793616441544409,0.08193076351336717,0.08341785601326508,0.0182295875213562
2010-12-31,0.06658150457779588,0.06901359755568287,0.07259681310432062,0.07554050010950307,0.013709958109643294
2011-01-07,0.06686347891564078,0.06930667422259192,0.07181569651426675,0.07462307402524758,0.022550184225230745
2011-01-14,0.06458769195918704,0.06657279486278223,0.06946965248649964,0.07178120309435465,0.012280545509322671
2011-01-21,0.05379790905682687,0.056598184120816644,0.05877450850300585,0.06051663785689467,0.015371088716611645
2011-01-28,0.05573170632946443,0.058547114919988,0.06089619452394613,0.06298429298153375,0.022844100362150458
2011-02-04,0.0691679246420421,0.07233511767564439,0.0747459423968961,0.07716076063988156,0.02565418932971047
2011-02-11,0.06492995483179588,0.06831549608944855,0.07018815415745237,0.0728569143674953,0.022627691481962652
2011-02-18,0.08215516592563463,0.08555110178906872,0.08746169855238445,0.09056366098984282,0.026706961457436968
2011-02-25,0.07438408147010514,0.0770432671304945,0.07881594523731988,0.08108023153364058,0.03268692167644921
2011-03-04,0.08732335047536051,0.08991240179443695,0.09268526573272898,0.0961445641099556,0.02274003283586273
2011-03-11,0.0925228021123257,0.0951275931004575,0.0979014370583915,0.10017280421105043,0.026133576651151593
2011-03-18,0.12105344071983712,0.12388071470481084,0.12587962119069493,0.12552152590536184,0.025721457080208
2011-03-25,0.16075021868015021,0.16174592943863664,0.16135911611279471,0.16089279310544846,0.02851566694175628
2011-04-01,0.14437341586296892,0.1465117411058339,0.14790484833887343,0.14784277829447953,0.01762662072900012
2011-04-08,0.13815498580980975,0.13999571657842325,0.13894523769611625,0.14218235681085237,0.020001638721657538
2011-04-15,0.11702239496650259,0.12002884109815394,0.12113858285034587,0.12514213192884927,0.017844512848669006
2011-04-22,0.10792960394552731,0.11401487342487807,0.11799397847070142,0.12073032419059848,0.03283241069008501
2011-04-29,0.08861589066952476,0.09165790193957613,0.09550791259461379,0.09865989585093049,0.02868556821322486
2011-05-06,0.10964038517975506,0.11229026947470361,0.11379284570929393,0.11515429045840996,0.030504102479105125
2011-05-13,0.0905090475889478,0.09442242391893074,0.09715787381958066,0.10047016900714262,0.019942374249181587
2011-05-20,0.08110500218669761,0.09174679591031211,0.10177198184974495,0.10871803917770691,0.014803861407944319
2011-05-27,0.10939558613290497,0.11077410188016801,0.11131305758962558,0.11319439192760478,0.04180670029190468
2011-06-03,0.08343610592862945,0.08783264846608828,0.09201521079709842,0.09612908963407295,0.027968573739083992
2011-06-10,0.10914559458200014,0.10915403212890004,0.1100687376129011,0.10821325799136801,0.023451461742794586
2011-06-17,0.09153267805973261,0.09296276875825686,0.09498398366880138,0.09676052275004113,0.028664512874094415
2011-06-24,0.09329201888609491,0.09634940445044674,0.09782152665470502,0.09878101891294026,0.040844163471860304
2011-07-01,0.07056666752996549,0.07512812527656326,0.07868431431382898,0.08080105050473602,0.02999349611327015
2011-07-08,0.08666135839850489,0.08974997520570895,0.09234599380572654,0.09498694714001032,0.01327599101978071
2011-07-15,0.08631045066094678,0.09103096869946688,0.09438494633340225,0.09694566145434726,0.03223725821744604
2011-07-22,0.10664286003417833,0.10695164872703952,0.1073025261864491,0.1070617072075231,0.0281022999791228
2011-07-29,0.09372778463752024,0.0954571268157239,0.09744912408913503,0.09935461648403233,0.041439824357213675
2011-08-05,0.17034536437695244,0.15546263522770987,0.1460387519429708,0.13927150338383779,0.04422320196420451
2011-08-12,0.33157895632066536,0.23598987328126422,0.18555742826616786,0.15977173662552374,0.08535509261930574
2011-08-19,0.27777591861620754,0.24505303005528886,0.21363842562792762,0.19261255757283727,0.08235860566738665
2011-08-26,0.3435553435877246,0.29076728170268434,0.2510211326008304,0.22005050564160022,0.07264435647616937
2011-09-02,0.23262393060407147,0.21051792361008081,0.1896062521264576,0.17445823847724512,0.04454851799516619
2011-09-09,0.16443952497667844,0.15538327947940536,0.14938706542960398,0.14613848481316175,0.056760631941622154
2011-09-16,0.22063001620487313,0.20158898040305798,0.18673269058207098,0.1714162708074828,0.07066594453504368
2011-09-23,0.21402223431455702,0.1978568676315145,0.1841636690132316,0.17552639531315953,0.04199451481657184
2011-09-30,0.3183727029177676,0.28878849894310216,0.26496134870878785,0.2431866860023369,0.05558243150558572
2011-10-07,0.21684717305216694,0.20381467727495262,0.19273813142784108,0.1816623742416428,0.05799003795149804
2011-10-14,0.1549277731482243,0.1518582232696513,0.14751970183813726,0.14436722522918807,0.09254294476186554
2011-10-21,0.17412417065939226,0.16994533474588067,0.1639465004692631,0.15944594079961327,0.048722990625353735
2011-10-28,0.125782824131061,0.12424838215133976,0.12406080884432463,0.12341407773457917,0.08102763556850129
2011-11-04,0.15421151010859732,0.14870458147154958,0.1445132556885481,0.1420892765272362,0.09848330393902767
2011-11-11,0.2006696193243043,0.1890995705461436,0.1770850566158967,0.17354106482576995,0.05471316049713758
2011-11-18,0.1511452572135164,0.14775696683757109,0.14516016248185334,0.1429590127193672,0.05222208006138198
2011-11-25,0.20675229633228145,0.19298044609461243,0.18540572013962323,0.17678113339787488,0.03403833683203771
2011-12-02,0.24040832306128349,0.2258752032850715,0.21023680558135677,0.19974543622917598,0.03581767072592524
2011-12-09,0.19924325106401067,0.18998998946446455,0.1834312465450771,0.17813565994608857,0.031255707714049605
2011-12-16,0.19862764007049225,0.19288443595280488,0.18648419671371175,0.18135558431148496,0.03713863981644959
2011-12-23,0.2382997611798814,0.22787746039064108,0.21520824787266132,0.20509032193637716,0.034445309720029904
2011-12-30,0.18083521913979544,0.17769398921846213,0.17317200816773698,0.1675035457223277,0.03962876444787411
2012-01-06,0.1752880164942495,0.17170801433293623,0.16919683281589123,0.16732052192777983,0.057576945583584956
2012-01-13,0.16806204777145048,0.1658245686427385,0.16170550549186566,0.15952892154346798,0.039956667815535606
2012-01-20,0.15920215250825653,0.15734270546462775,0.15642762314716735,0.1549559691628154,0.03351580858808998
2012-01-27,0.13004669761066917,0.1303763711174925,0.13136702543895662,0.13242031318246814,0.03413154124530648
2012-02-03,0.1055411925896677,0.10887503573611294,0.11016181838990617,0.1136660712927155,0.037395486702217914
2012-02-10,0.16774176190389306,0.16410956083377642,0.1618825865725044,0.16117144199021904,0.03708910378950566
2012-02-17,0.1318889786977331,0.13403324347285323,0.1337186224405607,0.1339687169929234,0.017439496293568182
2012-02-24,0.10473848242509791,0.10842943725447379,0.11209554697597231,0.11637937318950184,0.017621677449070606
2012-03-02,0.08392626380005655,0.09164172259627637,0.09771585671844965,0.10360764570235313,0.019888650183181297
2012-03-09,0.07555183148095951,0.08471536747174996,0.09239859478245513,0.10047054259844344,0.02640196733094046
2012-03-16,0.09327594370717832,0.09952447576070156,0.10520371809501146,0.11046854259246758,0.03525709499698389
2012-03-23,0.08402328774185841,0.09051044881117169,0.0974274516166335,0.10290055146018379,0.022157021866751316
2012-03-30,0.10522616002270863,0.10970210954607351,0.11394189569588234,0.11788192893393389,0.03112988754601324
2012-04-06,0.10569738151506705,0.11144750138770484,0.11603613968817178,0.11940825480552635,0.021957477400696913
2012-04-13,0.10672416185507803,0.11190390882898735,0.11548471077105854,0.1198735512774997,0.03638288029460351
2012-04-20,0.1413770842736855,0.14089415148387371,0.14140774746215284,0.1397710762740542,0.04403339713803369
2012-04-27,0.12103101759403335,0.12334005529472901,0.12767764972194992,0.12905122845302638,0.03236432773396045
2012-05-04,0.10651004406577895,0.11009427209060565,0.11621072327643407,0.11990995833443736,0.037518379335328186
2012-05-11,0.1109308258809075,0.11461519908070857,0.11842990889993034,0.12183585532846804,0.023175302532584537
2012-05-18,0.11538102973738688,0.1182047085937715,0.12100997493943788,0.12432654195695347,0.013179142615532905
2012-05-25,0.1709690856191677,0.1677098781650379,0.16535064673116243,0.162560054031125,0.03258229925664345
2012-06-01,0.1400621083511591,0.1398566085003635,0.13900756638720768,0.14064503291922542,0.03556204746649184
2012-06-08,0.19128233673517925,0.18577989338727235,0.181431022526661,0.1761060994079724,0.03503545889013977
2012-06-15,0.15473752913241726,0.15380752049035262,0.1513545055628393,0.15400205202712738,0.03236067567320081
2012-06-22,0.12822499309589613,0.1288609622565386,0.1288310161843134,0.13101366740937942,0.031605354580143366
2012-06-29,0.11479335612881188,0.11847263130978339,0.12101633321604519,0.12313416423634152,0.042546045549375786
2012-07-06,0.11146346662722698,0.11437620114432422,0.1171471373787091,0.12062033338092641,0.04443606096774771
2012-07-13,0.09020054031423375,0.09621661845771012,0.10159645369076362,0.10509354672353238,0.03426139674589739
2012-07-20,0.07733948384852726,0.08412199533794518,0.09085445188747736,0.09608079375294204,0.019778886969727905
2012-07-27,0.06148247291773881,0.0698234467035888,0.07774053538544552,0.08356901934121908,0.06272567689366607
2012-08-03,0.07746763863819785,0.08417366065004461,0.08987164264488827,0.09443538580906552,0.06696876542904805
2012-08-10,0.0690869833205874,0.07646008867823757,0.08308716578697231,0.0885685346529876,0.04917946054636863
2012-08-17,0.0657389525869922,0.07292351347533789,0.07975345998675747,0.08534288664181262,0.01608348165718471
2012-08-24,0.07766521624936092,0.08571301530160047,0.09238899709924495,0.09856366138862564,0.020761622325625714
2012-08-31,0.0693579122200937,0.07604920830848869,0.08307803056041818,0.08852632725266942,0.013562596194262687
2012-09-07,0.06139390633120384,0.06861242584449645,0.07607297096906887,0.08266454564712061,0.020376956499142267
2012-09-14,0.04928677096047972,0.0549501941392055,0.05887526214682778,0.06331008822032029,0.01900716428141643
2012-09-21,0.04656080009147747,0.05129218866455387,0.05606635996045397,0.0607988272261602,0.01596838109378549
2012-09-28,0.06021077406456261,0.06490600656746934,0.06898718948505982,0.0736344137867708,0.008499358071513329
2012-10-05,0.07251553722308732,0.07634718008763311,0.07945949489654602,0.08303538561370682,0.02014170140896651
2012-10-12,0.06529809729962781,0.06949579182872917,0.07357136175708733,0.07689898312316171,0.025665615177340045
2012-10-19,0.10582876798049211,0.10610136494584956,0.10688334018412325,0.1074661396796086,0.028959013213309015
2012-10-26,0.10581213355946735,0.10645299263193024,0.107466806578226,0.1074401181406554,0.0463411650338634
2012-11-02,0.08967612809034149,0.0926513710592865,0.09487866638193591,0.0968481343912571,0.05427958430448741
2012-11-09,0.07874058693699913,0.0818917751880604,0.0851137612240991,0.0877491760865781,0.030097917215519195
2012-11-16,0.08659337065251088,0.08965348323113051,0.09087016918205743,0.09217269232630322,0.029430157166128595
2012-11-23,0.08302982838881004,0.0872571772457849,0.08947416433805225,0.0924340126643942,0.018766307201891947
2012-11-30,0.07268098154678033,0.07698300948409066,0.08055446933388186,0.08371907465207054,0.029622727296202803
2012-12-07,0.06432024735489845,0.06892824767354244,0.07268856340081976,0.07675305134494115,0.012285002163831351
2012-12-14,0.0576801098850259,0.06235079425481618,0.06697853026445302,0.07123844183800544,0.009657494153658788
2012-12-21,0.056315573750888775,0.06084816855735544,0.06513875261335036,0.06851238478930508,0.019134060923408424
2012-12-28,0.05157781879116194,0.05721707212423541,0.06217230947690907,0.06656219222032207,0.02586867530166927
2013-01-04,0.06428666720545993,0.06924826165568133,0.07289211284253844,0.07699333480846123,0.02528272364563541
2013-01-11,0.06559245697010724,0.07068758975146862,0.07450392227217163,0.0782821966588186,0.0278653355430417
2013-01-18,0.05928627671549356,0.06468550953872892,0.06912552411450955,0.07368724715932305,0.025697434670367243
2013-01-25,0.053167014088885266,0.0582321363329768,0.0640634849749809,0.06969170833936285,0.015963593459210453
2013-02-01,0.04927885827477421,0.05421451139727077,0.05918259719854426,0.06431633511627291,0.026013419819379734
2013-02-08,0.05235645900739724,0.058547119514485546,0.0640987441451744,0.06925393040000116,0.05961060516788217
2013-02-15,0.05478847892416796,0.06115314682182274,0.06628601337282346,0.07091510362254798,0.02690318495157629
2013-02-22,0.05014322073853671,0.05635715081522661,0.061254275044485086,0.06537596259003209,0.023429412214381957
2013-03-01,0.07507010369892425,0.07926227741434794,0.08364685362056384,0.08770296401288298,0.04141467909228519
2013-03-08,0.06629247830299408,0.07140779858123293,0.07564332454563538,0.07906430551402761,0.023019574885643816
2013-03-15,0.06096035529312096,0.06633233498615944,0.07151163805905482,0.07625902748039465,0.011200214122810751
2013-03-22,0.056440551717575026,0.06166517548180603,0.06667893541451354,0.07000145942215875,0.01159310277401897
2013-03-29,0.0710404195113485,0.07476188773903229,0.07849511793743266,0.08094907594485999,0.02206906942761654
2013-04-05,0.06121520732469452,0.06578593375402261,0.06955421963772015,0.07257356976836266,0.041986869453010486
2013-04-12,0.05477269967986082,0.05883339498919188,0.06252498520491771,0.06663632469954481,0.04091599606939578
2013-04-19,0.050717967065123985,0.055365429749028146,0.059317393860239535,0.06416110464647025,0.05218718326800109
2013-04-26,0.04463909857078244,0.04925759164568189,0.0534120977621332,0.058251914970753944,0.03277291345657988
2013-05-03,0.0426238587106447,0.048159827690177785,0.052949314314563484,0.05827985406291285,0.0214644817945236
2013-05-10,0.040655578125673886,0.04641011142367879,0.051623819435078246,0.056490984344485067,0.014817400939004568
2013-05-17,0.037764816980685546,0.04329759602927486,0.048010015361982517,0.051599094362081634,0.01993612442464223
2013-05-24,0.035151676817927115,0.03995042326653127,0.044667840061291215,0.04950522043498656,0.018966866279893066
2013-05-31,0.04223768754182857,0.04649383172541668,0.049913530516369445,0.05355639145328029,0.028915138807459866
2013-06-07,0.022773930580348982,0.026155446358089515,0.029596072795655685,0.03261515346419165,0.026657857167623894
2013-06-14,0.07915113785216865,0.08147050283412458,0.08373887939949919,0.08670071158209235,0.03936807318694481
2013-06-21,0.0628037126951493,0.0657427895067236,0.06853575933176458,0.07221597575090265,0.026851782932260555
2013-06-28,0.0851274662401462,0.08715700508273973,0.08753076321047012,0.08913667326899277,0.04427579715018515
2013-07-05,0.0702360100741296,0.07187118654792343,0.0739700762334791,0.07636442577599953,0.03446933683014742
2013-07-12,0.05853305390931993,0.060470059982050545,0.06330438121866139,0.06507995625884087,0.01940866726315615
2013-07-19,0.05068698683415297,0.05319690052319631,0.05526862443722738,0.05770059026689932,0.01452310293435047
2013-07-26,0.04763751425068197,0.05096432489789495,0.05408124247088138,0.05706125539019974,0.0184238412298186
2013-08-02,0.040104734777455346,0.0421922869372619,0.043961024340259024,0.046362793127101884,0.01763445726000701
2013-08-09,0.03467196876192145,0.036105158905542695,0.03788008160971808,0.0392193411812033,0.01073603527046786
2013-08-16,0.03131942253457992,0.0328209738181626,0.03452756820577292,0.03606880616425299,0.010853935303400277
2013-08-23,0.041565180703874986,0.04291472115537735,0.043712029392931014,0.04476599039792331,0.0090403394983273
2013-08-30,0.03437824378068508,0.03476994137755528,0.035238212327804816,0.03546867837512782,0.015713902912005924
2013-09-06,0.04284981136375229,0.043615771970068246,0.044168203957595666,0.044605867025012486,0.01883357414125837
2013-09-13,0.040624436951462665,0.04111916604508864,0.041389069771954265,0.04186777575042942,0.011485439261188406
2013-09-20,0.03438835791214277,0.03457283812931351,0.03481808760639894,0.03497516676995283,0.012424695484749561
2013-09-27,0.027294388196190202,0.02702510116901065,0.026764703852279484,0.02654127704015688,0.01571219843246685
2013-10-04,0.02778591882446436,0.027607768806720397,0.027428375309272123,0.02723419932102085,0.015021325257876653
2013-10-11,0.02674088956844405,0.02647276714865481,0.02624640721549532,0.02600189528734875,0.024778320140293093
2013-10-18,0.023330193499653658,0.022977876512200516,0.022654854477094543,0.022329135591650184,0.03251085781567313
2013-10-25,0.026404946037337226,0.026192607058372234,0.025955672087574412,0.0257268081066634,0.02807320945506148
2013-11-01,0.024256392255569966,0.023969056508269908,0.023675352354451822,0.023390484585229906,0.018261403976686737
2013-11-08,0.023303628702210546,0.02305656632972086,0.02285963273979557,0.02259764321172365,0.01434599367552986
2013-11-15,0.02212153315201654,0.021840102624510777,0.021596827267914617,0.02129182898710183,0.029527554190289483
2013-11-22,0.023057213076185582,0.022802928582756454,0.022556182712726445,0.02235569177391707,0.019877875995438072
2013-11-29,0.022017625028406665,0.021808511676041715,0.02158213424087767,0.02145431404214283,0.012382990761607949
2013-12-06,0.021707961600809515,0.021447566978655654,0.02117226001171257,0.02093757729896482,0.007229546185341993
2013-12-13,0.020783960447208902,0.02050478878123217,0.0202067907734967,0.01993582992517935,0.03234424792626806
2013-12-20,0.02378787415922944,0.023587535683243725,0.02342254332447102,0.023179293619816063,0.02665689346257649
2013-12-27,0.03748154254745589,0.03807814528661688,0.03862527375558294,0.0389211011439991,0.02935085257674585
2014-01-03,0.03396081508430727,0.03440637376704303,0.034640714143583946,0.035002644739122554,0.011978094555478833
2014-01-10,0.03543289933844466,0.035531811006424135,0.035753282866786994,0.035947469137720275,0.02512394561136637
2014-01-17,0.04504693063969998,0.047470402558751824,0.04982248103549451,0.051446152720015605,0.024660558032937503
2014-01-24,0.03396287934908177,0.03438823059864475,0.03479142869948189,0.03498441280670753,0.018847410230468892
2014-01-31,0.09500277499152443,0.08438514344993836,0.07556416898732127,0.07111016483196937,0.038364816468801174
2014-02-07,0.0694446218319054,0.06507477043668701,0.06225657738457162,0.06074852862409773,0.03495165472661181
2014-02-14,0.05515541993730611,0.05627908286985237,0.057105557454892326,0.05717659971857875,0.02661981875230861
2014-02-21,0.050110035211964894,0.05275111919517109,0.05428377431383325,0.055805046919706586,0.02133488303852632
2014-02-28,0.055591867262698706,0.05617379948206078,0.057122206180817786,0.057691497452981445,0.028088297328115276
2014-03-07,0.048260876005433835,0.05189436472629968,0.05384790753314912,0.05440798053652609,0.01706354041269561
2014-03-14,0.04141265413691487,0.047678521281997434,0.05151673701180706,0.053129314119239164,0.01514821063751337
2014-03-21,0.08550352765800893,0.073730556232261,0.06745701257810416,0.0632327349803214,0.026221043369402973
2014-03-28,0.06124296613579646,0.05933198634837699,0.05836202501386243,0.05754040875737889,0.019018452466385137
2014-04-04,0.09654282505745254,0.08246675743143124,0.07355519207152636,0.06772028294304572,0.02100002331123211
2014-04-11,0.06636804784373457,0.06257067103305108,0.060275539988543805,0.05823407075786641,0.03280240777870185
2014-04-18,0.09594190782095974,0.08429163782877067,0.07613747220027683,0.0704900346715246,0.04125054460739404
2014-04-25,0.0691657814650624,0.0658097893651784,0.06344231756953639,0.06148171284256719,0.02383599224524376
2014-05-02,0.11334844421484373,0.09982414139224698,0.08819547347988614,0.07964002568966347,0.031881048283607015
2014-05-09,0.08642851657675296,0.0773767956878563,0.07332741145109507,0.06889876618245316,0.018679968290937793
2014-05-16,0.06472849634624483,0.06388272745117678,0.061807494522370575,0.061226267290411494,0.024272611947448303
2014-05-23,0.053367325925182084,0.055897965263407005,0.05716716979387639,0.057937780152348406,0.044440176263578726
2014-05-30,0.0686479363613826,0.0661387399820665,0.06331300373881228,0.0618655982863681,0.02871370605192593
2014-06-06,0.05593026702942297,0.05694138231949855,0.05760799174480786,0.058580102268683536,0.014116560874113764
2014-06-13,0.04846597951696913,0.05159029253610161,0.05432476321418294,0.05629396965877781,0.013199179247437682
2014-06-20,0.05413523507562135,0.05549690385043368,0.05706757094909634,0.056694871812467976,0.012769083420751389
2014-06-27,0.055480425972151845,0.05677688167091768,0.05661772393394392,0.0567897900517165,0.012813593488789757
2014-07-04,0.0559255414172178,0.0555347445090029,0.055256963650489814,0.054384815121677185,0.015584147509891146
2014-07-11,0.0510359893981788,0.05230685178028986,0.053125581237283975,0.05400992182130773,0.02595487880903384
2014-07-18,0.05964805314290969,0.05743597373641388,0.05578215901842354,0.05473689969426915,0.01669553967129412
2014-07-25,0.050223232317412866,0.05068557930196455,0.05078418411368055,0.051141940362773246,0.014608010578047914
2014-08-01,0.04691706849809541,0.04816986453503482,0.04903512399265214,0.05020654183272922,0.01959416230098241
2014-08-08,0.06149853963841376,0.05808671604776552,0.0567403040677781,0.055325502720152284,0.024800136770932086
2014-08-15,0.05780534547211568,0.05571609458277575,0.05439808483793317,0.05365263911609831,0.01987720502031506
2014-08-22,0.0529692737967188,0.05269930904058083,0.05247228617031199,0.052334995585230845,0.010937598977286828
2014-08-29,0.05323526641742664,0.052803627759233744,0.05246714726536064,0.052337159958181216,0.010525411805051293
2014-09-05,0.05599389071671716,0.054588583263491974,0.05381846385314947,0.05297156046466805,0.019933611166599554
2014-09-12,0.05489402892296317,0.055395304054495324,0.05532569096003437,0.05584210555968636,0.013874121443796184
2014-09-19,0.044773104817389775,0.045332517197963454,0.04604181221872823,0.04637842342144837,0.010138519576906634
2014-09-26,0.041769475406514205,0.04240450264096974,0.04299747970237727,0.04370346151228862,0.022644658725053717
2014-10-03,0.04048058062532256,0.04149705711120542,0.04219744114061185,0.04297497785935363,0.029131032077789252
2014-10-10,0.03681400678673518,0.037985355852745005,0.039057795310339455,0.040132515780374634,0.038841967101804264
2014-10-17,0.064386302657042,0.05892978969584104,0.05592545972071257,0.05389759259431976,0.044524703997500345
2014-10-24,0.08340406612275492,0.07157230591271671,0.06394565596673722,0.059755694758905256,0.05147984601550417
2014-10-31,0.06803223678784957,0.0625801381130956,0.059216407690651965,0.05723103271725921,0.0470517295484089
2014-11-07,0.05939217510689868,0.05688969907415078,0.05536899139219795,0.054421391123660824,0.01822696263931005
2014-11-14,0.057435371833444104,0.05509992625039227,0.05404141923964101,0.053126460046433316,0.024689598146410505
2014-11-21,0.04912563834425475,0.05038274714516288,0.05113713777723652,0.05155984107712672,0.022639099902693405
2014-11-28,0.047119837383446356,0.048898891496083285,0.0500019520092265,0.050758569464698235,0.026711180821027407
2014-12-05,0.04490166419195801,0.048940773417806616,0.05079972451790878,0.05221805861400748,0.015738908972067606
2014-12-12,0.050816586023626736,0.05230631400893068,0.052619274970533814,0.05303680301938034,0.008619214131030459
2014-12-19,0.07598864112617545,0.07634315008707618,0.07669526540622802,0.07704499408015783,0.024004476195195548
2014-12-26,0.05572693482617962,0.05498656252291699,0.054600939828843745,0.05440091913472193,0.03808135745224869
2015-01-02,0.059996225675677854,0.05864263147253951,0.057643729200629566,0.05692949332770089,0.01923279178944593
2015-01-09,0.05420859359107115,0.05398969254214496,0.053994630967450254,0.053725264661686374,0.038354235364150197
2015-01-16,0.04894583825386618,0.049880276832618226,0.05079959069647429,0.05112969483210583,0.030003938603072086
2015-01-23,0.06745946443296182,0.0645535078883655,0.062386219015540666,0.06051799850079357,0.025377887216698602
2015-01-30,0.059061670036574705,0.05787724119363946,0.0566136039456343,0.05588359454893438,0.028744039797676237
2015-02-06,0.05453794331711749,0.054021976408776776,0.05383972968322541,0.05384445923500358,0.039502115139950784
2015-02-13,0.05329795943457694,0.05315612501790931,0.05318375204989254,0.05314793073347513,0.028151991932116385
2015-02-20,0.050668718373281144,0.05128225369686448,0.051666882831496015,0.051987559466073495,0.013220399578637531
2015-02-27,0.04964842445462337,0.051013461521312434,0.05158888413279279,0.05188206110990413,0.028002042453287683
2015-03-06,0.05178701697687135,0.0519683201458688,0.05218946911414329,0.05222719750319173,0.01936253399478478
2015-03-13,0.054211416152471645,0.053210611682940244,0.052643645148431506,0.05257649279866908,0.03408744887264394
2015-03-20,0.052889227111229876,0.052887979734457774,0.05288791216417356,0.052888004471516474,0.0401772036021658
2015-03-27,0.07099304174063037,0.07111503143940592,0.07123428592608985,0.07135086414840613,0.028812924072843457
2015-04-03,0.07165581831609663,0.07178847512702462,0.0719183250150668,0.07204542470764837,0.027082622960576463
2015-04-10,0.05896879214108655,0.05771241750388747,0.05701866302413603,0.056256784961437406,0.021065605756872427
2015-04-17,0.06917533801823791,0.06926359691567406,0.06934575885296872,0.06942919025505546,0.011465829009940377
2015-04-24,0.06834818562467006,0.06839876748073109,0.06844484455185579,0.06849133724792178,0.024963852021164537
2015-05-01,0.06536558979705656,0.06539928518012886,0.0654317465228924,0.0654630187266472,0.02933390347562177
2015-05-08,0.06526652236992941,0.06529805536424868,0.0653284186102434,0.06535765524076159,0.024693790847150062
2015-05-15,0.0658544688781722,0.06588740492692656,0.06591912002276869,0.0659496591457959,0.019556439377384837
2015-05-22,0.053222562196473165,0.05406737014668878,0.054196782249657335,0.05478822456192469,0.01495038171050889
2015-05-29,0.06266464629186888,0.06272850606583184,0.06280355580212657,0.06287606025923628,0.02294460652081768
2015-06-05,0.056748698685604816,0.05607566162709729,0.055651749218345724,0.05543894727772287,0.012621581253235334
2015-06-12,0.055524178821227,0.05537190076099911,0.05525939215934396,0.05530208700944173,0.013220980280880841
2015-06-19,0.05210822946211295,0.05317684060686606,0.05367566919052056,0.05404940854044226,0.01392875504114121
2015-06-26,0.05159144170567386,0.05273416904116686,0.053208705290125044,0.05363599773718072,0.011105910554447724
2015-07-03,0.04956492528056819,0.05138616747216727,0.05249415600549393,0.05299311728057809,0.02415556948119596
2015-07-10,0.052755904037421,0.05371073914524768,0.05424528887457197,0.054081998167891145,0.020704993134974946
2015-07-17,0.05196446546692301,0.05338708588229152,0.05400916079127513,0.054018161264871606,0.0384897850530589
2015-07-24,0.05370131760456366,0.05450293243772083,0.05450211174731615,0.05455411192817818,0.026641926580800876
2015-07-31,0.04508838304773237,0.04753965548133312,0.04947326282965796,0.051225873985980434,0.03319209387011955
2015-08-07,0.04520843716807479,0.04915500845659573,0.05114820110841409,0.05236830219372069,0.015843726710806024
2015-08-14,0.054889665348819096,0.05504178481917185,0.055134075004928056,0.055290353364106426,0.02218872200077097
2015-08-21,0.05384862677501588,0.05412885152399096,0.0542963113153816,0.054479931342098234,0.02402328996422111
2015-08-28,0.058153973550021554,0.05838726297606179,0.05855123760477452,0.058711949390239486,0.05588429682879437
2015-09-04,0.07723531868319754,0.07127433408710358,0.06680644960327936,0.06421139710828172,0.05629226280074187
2015-09-11,0.08631155925882758,0.07758297692635929,0.072245370753891,0.0678672847333215,0.03750936462755872
2015-09-18,0.0749699393182963,0.06951897709219584,0.06651107436125925,0.0649390995713924,0.028525681937493576
2015-09-25,0.06269351653198992,0.06157169221441584,0.0606156793595682,0.05937184561928013,0.030922900844075955
2015-10-02,0.07043934490211806,0.06600462725757901,0.06362485508983445,0.06208909960974716,0.03757519420404293
2015-10-09,0.0609286794121386,0.06027535002687784,0.05970004072499283,0.059236379667960096,0.036515401930825614
2015-10-16,0.05659990024961517,0.05744193510788162,0.05773947560221142,0.05784907467413266,0.02144611358744599
2015-10-23,0.05387102120774546,0.05521446757244835,0.0565161904010167,0.05750821716806501,0.029327399538647707
2015-10-30,0.05070072236407843,0.05335553821700504,0.055505007308047194,0.0563870047222139,0.03641041473213144
2015-11-06,0.05089486002777105,0.05351907805644422,0.055168802168927174,0.05658371426717708,0.029653465181916017
2015-11-13,0.05009947448495972,0.053479286755747715,0.055115280612419035,0.05618680832969033,0.0201806187668495
2015-11-20,0.05747803413999479,0.05820405776914752,0.05867096315356915,0.05887785005741921,0.032438266204360966
2015-11-27,0.05442982847986081,0.056662234018195735,0.057944120396169724,0.058365137453158605,0.017096479025829593
2015-12-04,0.052037093834933164,0.055774540448617904,0.057969872754737646,0.0588412152519715,0.022418710884746933
2015-12-11,0.06281404194012864,0.06152068278488065,0.06025737550750529,0.05989430543694658,0.05101447780677532
2015-12-18,0.06824483052139622,0.06509707458991704,0.0631470943555653,0.06183787221024824,0.02466326510955504
2015-12-25,0.05911394216798789,0.059445250320876754,0.059820072681874926,0.059455656600978776,0.04787539090757119
2016-01-01,0.05696429889422441,0.05910566124199702,0.05983516392681813,0.06044691876089901,0.02067460530653079
